timestamp,instance,cpu,memory,latency_ms,rps
1700000000.0,cache-service-1,0.0975,0.7171,1.9458,510.9527
1700000000.0,database-1,0.2354,0.5828,7.9814,295.9699
1700000000.0,frontend-1,0.1507,0.4042,12.3794,197.8522
1700000000.0,order-service-1,0.2861,0.5384,25.5898,189.2789
1700000000.0,payment-service-1,0.1999,0.4393,17.686,163.8109
1700000001.0,cache-service-1,0.101,0.6825,2.0023,508.1778
1700000001.0,database-1,0.2605,0.576,7.6698,304.5545
1700000001.0,frontend-1,0.1645,0.4094,10.6788,205.8093
1700000001.0,order-service-1,0.2935,0.5486,24.1704,181.668
1700000001.0,payment-service-1,0.2169,0.4412,19.5463,160.3698
1700000002.0,cache-service-1,0.1041,0.7119,1.9785,510.1128
1700000002.0,database-1,0.2654,0.5866,9.0414,303.0394
1700000002.0,frontend-1,0.1615,0.3835,11.957,197.0982
1700000002.0,order-service-1,0.2901,0.5288,24.3758,178.5198
1700000002.0,payment-service-1,0.1886,0.4417,19.388,159.2145
1700000003.0,cache-service-1,0.1051,0.7301,2.0011,499.5033
1700000003.0,database-1,0.23,0.5756,7.7793,293.2905
1700000003.0,frontend-1,0.1547,0.4078,11.6927,201.9478
1700000003.0,order-service-1,0.2864,0.5534,20.7162,181.6925
1700000003.0,payment-service-1,0.2099,0.4301,16.1843,162.4585
1700000004.0,cache-service-1,0.1015,0.7036,1.7677,520.954
1700000004.0,database-1,0.2539,0.6017,8.6151,305.4856
1700000004.0,frontend-1,0.1544,0.3989,11.608,188.8173
1700000004.0,order-service-1,0.3122,0.5677,21.5297,181.9308
1700000004.0,payment-service-1,0.1984,0.4422,16.9622,151.3192
1700000005.0,cache-service-1,0.1034,0.6967,2.0879,519.3673
1700000005.0,database-1,0.2553,0.5872,8.9302,299.0958
1700000005.0,frontend-1,0.1503,0.3931,11.955,196.6033
1700000005.0,order-service-1,0.2863,0.5419,27.7141,185.4583
1700000005.0,payment-service-1,0.1912,0.4428,18.2486,154.8398
1700000006.0,cache-service-1,0.0959,0.7081,2.3591,507.2766
1700000006.0,database-1,0.2504,0.6027,8.1286,295.5982
1700000006.0,frontend-1,0.1524,0.3994,12.6151,200.5409
1700000006.0,order-service-1,0.3163,0.5574,25.7255,177.5695
1700000006.0,payment-service-1,0.2169,0.4659,20.2961,164.5248
1700000007.0,cache-service-1,0.0938,0.7015,2.601,490.1581
1700000007.0,database-1,0.2384,0.603,6.1138,302.3953
1700000007.0,frontend-1,0.1506,0.3944,13.6417,194.854
1700000007.0,order-service-1,0.3027,0.5389,24.0956,184.2338
1700000007.0,payment-service-1,0.183,0.4653,16.4791,163.0199
1700000008.0,cache-service-1,0.108,0.7132,1.7337,535.7893
1700000008.0,database-1,0.2701,0.6204,7.3019,296.1663
1700000008.0,frontend-1,0.1446,0.4042,12.9454,197.601
1700000008.0,order-service-1,0.3209,0.5618,25.6006,177.9956
1700000008.0,payment-service-1,0.1719,0.4444,19.8771,145.8014
1700000009.0,cache-service-1,0.0983,0.6836,1.9661,502.9663
1700000009.0,database-1,0.253,0.5745,7.7609,300.1898
1700000009.0,frontend-1,0.157,0.4094,11.4398,209.2712
1700000009.0,order-service-1,0.3004,0.5594,25.7855,177.0991
1700000009.0,payment-service-1,0.2039,0.4535,17.8631,162.3841
1700000010.0,cache-service-1,0.0958,0.7043,2.1676,480.1042
1700000010.0,database-1,0.248,0.6072,9.4201,296.1271
1700000010.0,frontend-1,0.1455,0.4119,10.6345,202.7241
1700000010.0,order-service-1,0.2998,0.5697,27.2352,180.5294
1700000010.0,payment-service-1,0.2116,0.4457,18.5696,153.052
1700000011.0,cache-service-1,0.0999,0.6993,2.0111,482.2936
1700000011.0,database-1,0.2672,0.584,9.519,295.9394
1700000011.0,frontend-1,0.1509,0.3972,11.024,207.3532
1700000011.0,order-service-1,0.3019,0.5733,23.0102,176.0742
1700000011.0,payment-service-1,0.2139,0.4362,21.2943,167.9593
1700000012.0,cache-service-1,0.0932,0.7209,2.1364,497.9712
1700000012.0,database-1,0.2553,0.6135,8.2534,303.713
1700000012.0,frontend-1,0.1502,0.4004,10.9214,199.4514
1700000012.0,order-service-1,0.2966,0.5518,21.9188,179.4119
1700000012.0,payment-service-1,0.1894,0.4452,17.7442,155.8582
1700000013.0,cache-service-1,0.1074,0.7127,2.2475,523.6717
1700000013.0,database-1,0.2382,0.6048,8.1949,301.7736
1700000013.0,frontend-1,0.1527,0.3951,10.2943,195.6011
1700000013.0,order-service-1,0.2904,0.5463,25.5153,174.9935
1700000013.0,payment-service-1,0.1878,0.4461,16.7733,160.5783
1700000014.0,cache-service-1,0.0919,0.6968,1.9551,492.7454
1700000014.0,database-1,0.2551,0.6101,7.78,303.3811
1700000014.0,frontend-1,0.1449,0.3983,12.752,191.6453
1700000014.0,order-service-1,0.2931,0.5444,19.0536,184.7098
1700000014.0,payment-service-1,0.222,0.4749,20.2596,161.1264
1700000015.0,cache-service-1,0.1015,0.6971,1.8021,474.3804
1700000015.0,database-1,0.2582,0.601,7.0339,287.379
1700000015.0,frontend-1,0.1498,0.3934,11.0192,202.828
1700000015.0,order-service-1,0.298,0.5318,22.6637,179.4012
1700000015.0,payment-service-1,0.1945,0.4475,16.9356,155.9747
1700000016.0,cache-service-1,0.1106,0.6809,2.0494,497.1681
1700000016.0,database-1,0.2433,0.6035,8.6191,301.3164
1700000016.0,frontend-1,0.1437,0.3988,10.9413,196.3608
1700000016.0,order-service-1,0.3035,0.5578,22.0379,178.7388
1700000016.0,payment-service-1,0.1863,0.4507,16.7991,163.6081
1700000017.0,cache-service-1,0.1022,0.7038,1.7868,502.915
1700000017.0,database-1,0.2419,0.5951,6.6311,298.9198
1700000017.0,frontend-1,0.1518,0.3938,11.55,187.0132
1700000017.0,order-service-1,0.3083,0.5622,26.5426,174.4281
1700000017.0,payment-service-1,0.1959,0.4257,17.4645,168.7937
1700000018.0,cache-service-1,0.0954,0.713,1.9642,486.9861
1700000018.0,database-1,0.2367,0.6028,8.1365,296.1998
1700000018.0,frontend-1,0.1454,0.3987,10.995,190.5001
1700000018.0,order-service-1,0.2879,0.5406,22.2188,181.6386
1700000018.0,payment-service-1,0.2092,0.4538,19.6899,148.8633
1700000019.0,cache-service-1,0.0992,0.6977,2.2342,485.6337
1700000019.0,database-1,0.2378,0.6162,7.7894,306.7637
1700000019.0,frontend-1,0.1576,0.3904,13.3874,197.1138
1700000019.0,order-service-1,0.3332,0.5502,24.5649,169.7428
1700000019.0,payment-service-1,0.2026,0.4367,17.6134,149.7914
1700000020.0,cache-service-1,0.0991,0.6924,2.199,511.5209
1700000020.0,database-1,0.2548,0.5907,8.4616,304.3412
1700000020.0,frontend-1,0.1544,0.393,13.061,205.0534
1700000020.0,order-service-1,0.3083,0.539,22.1992,177.204
1700000020.0,payment-service-1,0.1984,0.4421,19.5018,158.3007
1700000021.0,cache-service-1,0.0961,0.6962,2.3174,477.0458
1700000021.0,database-1,0.2595,0.608,8.8616,297.9295
1700000021.0,frontend-1,0.1338,0.3982,9.7029,205.3234
1700000021.0,order-service-1,0.3105,0.5461,24.4319,186.8023
1700000021.0,payment-service-1,0.1839,0.4493,18.5711,165.4582
1700000022.0,cache-service-1,0.1045,0.7195,2.0462,520.4906
1700000022.0,database-1,0.2419,0.6146,8.159,291.3781
1700000022.0,frontend-1,0.1526,0.393,11.6866,198.3565
1700000022.0,order-service-1,0.326,0.5481,23.6124,176.3553
1700000022.0,payment-service-1,0.203,0.4553,20.0636,162.2026
1700000023.0,cache-service-1,0.1036,0.6764,2.0849,494.219
1700000023.0,database-1,0.2513,0.5605,8.5156,295.0629
1700000023.0,frontend-1,0.155,0.3925,13.7738,195.9198
1700000023.0,order-service-1,0.3117,0.564,25.5976,183.2723
1700000023.0,payment-service-1,0.2043,0.4532,17.5575,159.3343
1700000024.0,cache-service-1,0.1009,0.6895,1.9908,483.4436
1700000024.0,database-1,0.2424,0.5903,8.7785,301.0676
1700000024.0,frontend-1,0.1463,0.403,13.1206,198.1544
1700000024.0,order-service-1,0.304,0.537,22.5464,178.222
1700000024.0,payment-service-1,0.2019,0.4439,19.6895,151.8878
1700000025.0,cache-service-1,0.1001,0.7039,2.0614,485.0893
1700000025.0,database-1,0.234,0.5967,9.1154,299.8193
1700000025.0,frontend-1,0.1575,0.3922,13.2938,187.2835
1700000025.0,order-service-1,0.3229,0.5499,28.2764,186.2114
1700000025.0,payment-service-1,0.2119,0.4604,19.1175,156.8593
1700000026.0,cache-service-1,0.1004,0.6907,1.7877,498.1731
1700000026.0,database-1,0.2559,0.5931,7.3953,300.0869
1700000026.0,frontend-1,0.1342,0.405,12.7045,206.4413
1700000026.0,order-service-1,0.2903,0.5607,26.1348,183.4264
1700000026.0,payment-service-1,0.2003,0.4674,18.6542,161.4909
1700000027.0,cache-service-1,0.099,0.6999,1.9805,507.6772
1700000027.0,database-1,0.2523,0.5897,8.3542,310.5969
1700000027.0,frontend-1,0.1382,0.4039,11.2094,195.974
1700000027.0,order-service-1,0.2892,0.5532,27.2656,178.9468
1700000027.0,payment-service-1,0.1943,0.4481,18.1088,152.8204
1700000028.0,cache-service-1,0.1037,0.6858,1.8658,521.6537
1700000028.0,database-1,0.2238,0.5907,8.1635,295.3346
1700000028.0,frontend-1,0.1432,0.4213,12.0278,202.5752
1700000028.0,order-service-1,0.3354,0.5591,25.8843,184.4638
1700000028.0,payment-service-1,0.1845,0.4501,18.9051,162.6443
1700000029.0,cache-service-1,0.0982,0.6902,1.7595,510.6519
1700000029.0,database-1,0.2633,0.5994,8.7356,291.603
1700000029.0,frontend-1,0.1377,0.3993,11.9664,210.7287
1700000029.0,order-service-1,0.3106,0.5337,21.9783,179.1267
1700000029.0,payment-service-1,0.1959,0.4344,18.2036,159.2516
1700000030.0,cache-service-1,0.1022,0.6951,2.1945,511.9108
1700000030.0,database-1,0.2494,0.5864,7.7418,313.8541
1700000030.0,frontend-1,0.1454,0.4009,11.5646,195.8716
1700000030.0,order-service-1,0.3142,0.5579,27.4353,169.2917
1700000030.0,payment-service-1,0.1928,0.4629,17.8944,159.4144
1700000031.0,cache-service-1,0.0931,0.6897,2.0847,502.1311
1700000031.0,database-1,0.2728,0.603,8.019,287.0186
1700000031.0,frontend-1,0.1676,0.3923,13.45,192.956
1700000031.0,order-service-1,0.3232,0.5421,22.0561,167.9958
1700000031.0,payment-service-1,0.213,0.4604,19.6227,172.6403
1700000032.0,cache-service-1,0.1052,0.7111,1.6908,505.5853
1700000032.0,database-1,0.2491,0.5922,8.3878,307.5126
1700000032.0,frontend-1,0.1542,0.3918,11.9468,189.7603
1700000032.0,order-service-1,0.2862,0.5343,26.1265,190.5465
1700000032.0,payment-service-1,0.1893,0.4429,16.2768,158.8913
1700000033.0,cache-service-1,0.1054,0.7059,2.636,513.3216
1700000033.0,database-1,0.2496,0.6014,7.682,295.0073
1700000033.0,frontend-1,0.1386,0.3965,11.4551,200.9223
1700000033.0,order-service-1,0.289,0.5553,23.6633,175.5231
1700000033.0,payment-service-1,0.202,0.4487,23.4407,155.623
1700000034.0,cache-service-1,0.1044,0.6986,2.5025,510.3644
1700000034.0,database-1,0.2394,0.6054,6.3983,296.1995
1700000034.0,frontend-1,0.1545,0.4082,12.3487,197.594
1700000034.0,order-service-1,0.3116,0.5357,25.4504,182.5548
1700000034.0,payment-service-1,0.1962,0.4474,19.6058,161.3617
1700000035.0,cache-service-1,0.1007,0.7157,2.3326,515.4524
1700000035.0,database-1,0.2407,0.5932,7.3951,308.0979
1700000035.0,frontend-1,0.1582,0.4012,11.596,201.0931
1700000035.0,order-service-1,0.2779,0.5485,20.0005,180.044
1700000035.0,payment-service-1,0.1923,0.4534,17.9421,161.0623
1700000036.0,cache-service-1,0.1029,0.6943,1.7006,497.5114
1700000036.0,database-1,0.2443,0.6163,6.9094,282.868
1700000036.0,frontend-1,0.1442,0.4042,12.6798,198.5944
1700000036.0,order-service-1,0.3022,0.5393,27.3972,178.5017
1700000036.0,payment-service-1,0.2074,0.4416,17.8267,160.7899
1700000037.0,cache-service-1,0.0904,0.7012,1.9283,497.0812
1700000037.0,database-1,0.2597,0.5936,8.047,291.7043
1700000037.0,frontend-1,0.1539,0.3943,12.3591,198.3447
1700000037.0,order-service-1,0.3174,0.5461,26.8111,185.7226
1700000037.0,payment-service-1,0.195,0.4428,17.5877,158.7626
1700000038.0,cache-service-1,0.1059,0.724,1.9354,489.4796
1700000038.0,database-1,0.221,0.5889,7.0836,296.5256
1700000038.0,frontend-1,0.1493,0.3875,11.4657,197.1221
1700000038.0,order-service-1,0.3121,0.5572,24.0899,187.1858
1700000038.0,payment-service-1,0.2254,0.4581,19.4398,161.2084
1700000039.0,cache-service-1,0.09,0.6938,1.8907,488.7368
1700000039.0,database-1,0.249,0.6054,8.3153,313.2773
1700000039.0,frontend-1,0.1632,0.3841,11.6078,197.9138
1700000039.0,order-service-1,0.2749,0.5315,24.1025,177.2463
1700000039.0,payment-service-1,0.2129,0.4702,18.0369,164.2546
1700000040.0,cache-service-1,0.1009,0.6989,1.9562,489.451
1700000040.0,database-1,0.2715,0.6153,9.5232,300.1924
1700000040.0,frontend-1,0.153,0.4078,11.1666,204.4107
1700000040.0,order-service-1,0.292,0.5306,29.2688,178.7126
1700000040.0,payment-service-1,0.2248,0.4564,19.2659,167.9982
1700000041.0,cache-service-1,0.1073,0.69,1.9526,488.8852
1700000041.0,database-1,0.2465,0.6123,7.6526,297.1172
1700000041.0,frontend-1,0.141,0.4028,12.1476,205.6172
1700000041.0,order-service-1,0.3138,0.5375,24.9686,179.3113
1700000041.0,payment-service-1,0.2036,0.4495,16.6525,158.8695
1700000042.0,cache-service-1,0.1016,0.7281,2.2946,505.1696
1700000042.0,database-1,0.2271,0.6006,7.9093,305.1176
1700000042.0,frontend-1,0.1526,0.3976,12.1784,200.9694
1700000042.0,order-service-1,0.3171,0.5602,23.8293,173.4526
1700000042.0,payment-service-1,0.2075,0.4353,19.6752,160.7537
1700000043.0,cache-service-1,0.1108,0.6844,2.1535,474.0316
1700000043.0,database-1,0.2554,0.5865,7.8449,293.137
1700000043.0,frontend-1,0.1567,0.395,12.8669,198.329
1700000043.0,order-service-1,0.3048,0.5627,21.9782,179.6976
1700000043.0,payment-service-1,0.1874,0.4419,17.7739,163.0404
1700000044.0,cache-service-1,0.0994,0.685,1.9284,504.3097
1700000044.0,database-1,0.2546,0.5979,9.2831,285.7287
1700000044.0,frontend-1,0.1485,0.4024,13.8826,211.102
1700000044.0,order-service-1,0.2969,0.5473,27.2772,180.3725
1700000044.0,payment-service-1,0.1958,0.4589,18.7867,156.1362
1700000045.0,cache-service-1,0.0954,0.7021,1.8266,503.1712
1700000045.0,database-1,0.2651,0.5926,8.6256,316.9221
1700000045.0,frontend-1,0.1383,0.3924,11.5105,197.4464
1700000045.0,order-service-1,0.3144,0.5588,25.7415,172.8562
1700000045.0,payment-service-1,0.1994,0.4516,19.6478,160.2444
1700000046.0,cache-service-1,0.1064,0.6894,2.0655,480.2044
1700000046.0,database-1,0.2453,0.599,7.6951,293.9281
1700000046.0,frontend-1,0.1524,0.3954,12.0039,206.821
1700000046.0,order-service-1,0.311,0.5623,26.7716,188.6064
1700000046.0,payment-service-1,0.1896,0.4516,20.2883,159.9165
1700000047.0,cache-service-1,0.1009,0.7135,1.9855,521.2084
1700000047.0,database-1,0.2758,0.5856,7.6576,290.0389
1700000047.0,frontend-1,0.1537,0.4065,9.2982,194.6982
1700000047.0,order-service-1,0.297,0.5463,23.566,185.7319
1700000047.0,payment-service-1,0.1973,0.4546,19.7982,157.0987
1700000048.0,cache-service-1,0.1,0.7047,2.1569,486.3586
1700000048.0,database-1,0.2541,0.6083,8.7885,303.1966
1700000048.0,frontend-1,0.1393,0.4029,11.2444,198.9443
1700000048.0,order-service-1,0.2945,0.5458,23.5202,190.277
1700000048.0,payment-service-1,0.198,0.4503,17.259,160.9513
1700000049.0,cache-service-1,0.1024,0.6927,2.1952,506.8276
1700000049.0,database-1,0.2472,0.5836,8.6836,294.321
1700000049.0,frontend-1,0.1444,0.3986,12.5959,195.7431
1700000049.0,order-service-1,0.2962,0.5671,21.5421,173.3232
1700000049.0,payment-service-1,0.1977,0.4578,18.4515,167.9006
1700000050.0,cache-service-1,0.1081,0.6945,1.6642,486.1542
1700000050.0,database-1,0.2561,0.5923,7.1566,303.6745
1700000050.0,frontend-1,0.1428,0.3934,13.5095,206.792
1700000050.0,order-service-1,0.2928,0.5434,24.6157,174.257
1700000050.0,payment-service-1,0.1985,0.4433,16.3166,154.2532
1700000051.0,cache-service-1,0.0958,0.7218,1.6753,500.7786
1700000051.0,database-1,0.2491,0.5924,8.8417,299.7157
1700000051.0,frontend-1,0.151,0.4035,13.0669,205.0472
1700000051.0,order-service-1,0.2977,0.5624,24.7609,180.4063
1700000051.0,payment-service-1,0.1899,0.4525,16.9833,162.2461
1700000052.0,cache-service-1,0.1022,0.7367,1.9198,482.7755
1700000052.0,database-1,0.2519,0.5899,8.6453,286.6155
1700000052.0,frontend-1,0.1434,0.4109,12.9606,200.0795
1700000052.0,order-service-1,0.2879,0.558,28.6326,174.5588
1700000052.0,payment-service-1,0.2035,0.4682,18.1572,161.3669
1700000053.0,cache-service-1,0.1035,0.6877,1.6826,496.4539
1700000053.0,database-1,0.2682,0.6114,8.5424,297.1511
1700000053.0,frontend-1,0.1529,0.3989,12.9277,196.1138
1700000053.0,order-service-1,0.3429,0.5557,25.8266,174.8524
1700000053.0,payment-service-1,0.1867,0.4375,19.1455,162.4458
1700000054.0,cache-service-1,0.1026,0.7067,2.1931,489.9664
1700000054.0,database-1,0.2473,0.596,9.0906,307.5367
1700000054.0,frontend-1,0.1637,0.3893,11.2126,199.5421
1700000054.0,order-service-1,0.2895,0.5501,28.7236,186.4726
1700000054.0,payment-service-1,0.1866,0.4541,19.3822,169.1403
1700000055.0,cache-service-1,0.0986,0.6862,2.0741,483.1462
1700000055.0,database-1,0.232,0.601,7.4293,303.6397
1700000055.0,frontend-1,0.1472,0.3907,13.5373,211.0467
1700000055.0,order-service-1,0.2884,0.5371,25.0652,174.7556
1700000055.0,payment-service-1,0.2079,0.4529,18.911,155.012
1700000056.0,cache-service-1,0.0976,0.689,2.3341,485.5236
1700000056.0,database-1,0.256,0.5948,7.3063,300.6556
1700000056.0,frontend-1,0.1602,0.41,12.1301,183.6579
1700000056.0,order-service-1,0.2988,0.5421,23.8354,188.6508
1700000056.0,payment-service-1,0.196,0.4478,17.1198,167.0482
1700000057.0,cache-service-1,0.0888,0.7172,2.2974,509.3452
1700000057.0,database-1,0.2481,0.5997,9.1735,302.6589
1700000057.0,frontend-1,0.1542,0.3946,12.8266,197.4061
1700000057.0,order-service-1,0.2595,0.5623,23.6185,185.2444
1700000057.0,payment-service-1,0.1913,0.4612,21.5033,158.437
1700000058.0,cache-service-1,0.1043,0.68,2.004,512.6407
1700000058.0,database-1,0.2713,0.6167,8.0711,308.9954
1700000058.0,frontend-1,0.1539,0.3976,10.7555,198.2757
1700000058.0,order-service-1,0.2868,0.5613,24.4501,183.2264
1700000058.0,payment-service-1,0.1973,0.448,19.6686,153.9436
1700000059.0,cache-service-1,0.1066,0.6871,1.8309,495.7653
1700000059.0,database-1,0.2716,0.6153,9.5052,294.8395
1700000059.0,frontend-1,0.1406,0.4101,12.2073,198.3445
1700000059.0,order-service-1,0.2955,0.5562,24.3537,172.3547
1700000059.0,payment-service-1,0.1978,0.4382,15.302,165.4654
1700000060.0,cache-service-1,0.0939,0.6841,2.1,530.8431
1700000060.0,database-1,0.258,0.609,8.0601,296.3769
1700000060.0,frontend-1,0.1441,0.4056,12.2451,200.2707
1700000060.0,order-service-1,0.2944,0.5569,21.3016,185.2104
1700000060.0,payment-service-1,0.2059,0.4476,20.2335,169.0981
1700000061.0,cache-service-1,0.1036,0.684,2.1172,505.0145
1700000061.0,database-1,0.23,0.6052,7.2751,309.3769
1700000061.0,frontend-1,0.1423,0.4012,12.0769,200.6433
1700000061.0,order-service-1,0.2914,0.5407,24.8603,183.2193
1700000061.0,payment-service-1,0.196,0.4396,17.0038,157.72
1700000062.0,cache-service-1,0.0999,0.6898,2.0971,502.3712
1700000062.0,database-1,0.2657,0.5874,9.1175,311.4325
1700000062.0,frontend-1,0.1494,0.4085,11.4826,194.4833
1700000062.0,order-service-1,0.3047,0.5554,26.0816,182.4062
1700000062.0,payment-service-1,0.1827,0.4445,15.7226,156.6974
1700000063.0,cache-service-1,0.0995,0.6954,2.509,506.5987
1700000063.0,database-1,0.2491,0.5811,7.7635,302.3025
1700000063.0,frontend-1,0.1422,0.4004,11.9947,197.758
1700000063.0,order-service-1,0.2966,0.551,26.1289,177.9718
1700000063.0,payment-service-1,0.1851,0.4586,19.7848,160.6819
1700000064.0,cache-service-1,0.1054,0.688,1.8936,519.4907
1700000064.0,database-1,0.2533,0.5986,9.4503,309.42
1700000064.0,frontend-1,0.1436,0.3988,11.378,192.4974
1700000064.0,order-service-1,0.297,0.5363,25.2061,178.904
1700000064.0,payment-service-1,0.2044,0.4406,16.8056,156.7814
1700000065.0,cache-service-1,0.0885,0.7013,1.8647,524.0761
1700000065.0,database-1,0.2561,0.5962,7.1465,294.4926
1700000065.0,frontend-1,0.1506,0.4098,11.09,195.9571
1700000065.0,order-service-1,0.3077,0.5628,21.7997,185.7164
1700000065.0,payment-service-1,0.1958,0.4483,21.5615,156.1898
1700000066.0,cache-service-1,0.0984,0.6966,1.6923,493.7653
1700000066.0,database-1,0.2557,0.587,8.2257,294.5853
1700000066.0,frontend-1,0.1441,0.4034,10.7226,198.9961
1700000066.0,order-service-1,0.3148,0.5264,26.5149,178.4874
1700000066.0,payment-service-1,0.1846,0.4535,18.1325,164.5418
1700000067.0,cache-service-1,0.0925,0.6824,1.9831,496.8781
1700000067.0,database-1,0.2546,0.5766,8.6324,299.4091
1700000067.0,frontend-1,0.149,0.4045,11.8457,212.5421
1700000067.0,order-service-1,0.296,0.5517,25.2277,174.557
1700000067.0,payment-service-1,0.2123,0.4481,15.8071,152.5872
1700000068.0,cache-service-1,0.1047,0.722,2.1254,509.8944
1700000068.0,database-1,0.2469,0.5872,8.4737,308.0475
1700000068.0,frontend-1,0.1506,0.4035,9.8829,197.665
1700000068.0,order-service-1,0.3022,0.5619,22.5155,186.437
1700000068.0,payment-service-1,0.1964,0.462,16.8935,161.9399
1700000069.0,cache-service-1,0.0979,0.7358,1.7515,472.8266
1700000069.0,database-1,0.2484,0.6037,7.2425,303.7316
1700000069.0,frontend-1,0.1529,0.4021,10.9504,200.1243
1700000069.0,order-service-1,0.3032,0.5489,21.8231,186.0219
1700000069.0,payment-service-1,0.1956,0.462,22.9954,153.0941
1700000070.0,cache-service-1,0.093,0.6868,2.1348,501.2169
1700000070.0,database-1,0.2413,0.6075,10.2381,304.6517
1700000070.0,frontend-1,0.1569,0.3882,9.4324,204.6762
1700000070.0,order-service-1,0.2968,0.5714,25.4526,171.1579
1700000070.0,payment-service-1,0.1965,0.4272,17.8125,160.5077
1700000071.0,cache-service-1,0.0984,0.7158,2.0048,486.5233
1700000071.0,database-1,0.2644,0.6025,8.0203,282.3881
1700000071.0,frontend-1,0.1558,0.4017,10.479,205.8419
1700000071.0,order-service-1,0.2984,0.5625,24.9987,183.8242
1700000071.0,payment-service-1,0.188,0.4345,20.2352,151.8432
1700000072.0,cache-service-1,0.1026,0.695,2.2361,504.3616
1700000072.0,database-1,0.2582,0.6129,7.6418,304.7032
1700000072.0,frontend-1,0.1589,0.3888,10.6775,204.7556
1700000072.0,order-service-1,0.324,0.5361,23.5921,173.0781
1700000072.0,payment-service-1,0.18,0.444,17.8295,156.5942
1700000073.0,cache-service-1,0.1065,0.6841,2.0949,496.2362
1700000073.0,database-1,0.2526,0.6102,7.7253,305.8654
1700000073.0,frontend-1,0.1616,0.4063,11.6114,195.1667
1700000073.0,order-service-1,0.2941,0.5649,25.4109,179.1332
1700000073.0,payment-service-1,0.2024,0.4547,15.5631,165.5515
1700000074.0,cache-service-1,0.1075,0.696,1.9067,510.1091
1700000074.0,database-1,0.2455,0.6088,8.6386,300.3367
1700000074.0,frontend-1,0.1535,0.4126,14.5369,205.3994
1700000074.0,order-service-1,0.2627,0.5567,20.9406,183.3048
1700000074.0,payment-service-1,0.2109,0.4666,19.5636,156.6264
1700000075.0,cache-service-1,0.1022,0.6923,1.7938,486.9871
1700000075.0,database-1,0.2417,0.6093,7.8521,293.1199
1700000075.0,frontend-1,0.149,0.404,10.4663,192.0985
1700000075.0,order-service-1,0.2736,0.5445,24.0107,177.3924
1700000075.0,payment-service-1,0.2101,0.4334,15.0784,167.9227
1700000076.0,cache-service-1,0.1009,0.6971,2.244,482.88
1700000076.0,database-1,0.2445,0.6003,9.3909,289.984
1700000076.0,frontend-1,0.1593,0.3904,12.8617,210.9546
1700000076.0,order-service-1,0.3017,0.5435,27.0293,184.6041
1700000076.0,payment-service-1,0.2032,0.4509,17.149,164.3265
1700000077.0,cache-service-1,0.1042,0.7102,2.2717,518.173
1700000077.0,database-1,0.2501,0.5983,8.2971,308.2627
1700000077.0,frontend-1,0.148,0.4051,11.0574,206.6788
1700000077.0,order-service-1,0.2956,0.5386,24.2606,187.2918
1700000077.0,payment-service-1,0.1904,0.4417,18.5562,159.8342
1700000078.0,cache-service-1,0.0937,0.6994,2.0294,484.787
1700000078.0,database-1,0.255,0.6303,9.9757,290.0173
1700000078.0,frontend-1,0.152,0.3855,10.2546,200.1793
1700000078.0,order-service-1,0.2972,0.5619,29.4648,188.6201
1700000078.0,payment-service-1,0.1988,0.4529,19.1592,164.067
1700000079.0,cache-service-1,0.099,0.7055,2.2565,521.6642
1700000079.0,database-1,0.2277,0.5765,8.1553,292.7697
1700000079.0,frontend-1,0.15,0.394,11.4332,190.9436
1700000079.0,order-service-1,0.3212,0.5643,26.1143,180.9713
1700000079.0,payment-service-1,0.1892,0.4547,17.2884,158.794
1700000080.0,cache-service-1,0.0937,0.6979,2.1939,509.6587
1700000080.0,database-1,0.2688,0.6004,8.8272,303.1103
1700000080.0,frontend-1,0.1562,0.3964,13.7751,206.4802
1700000080.0,order-service-1,0.311,0.5684,25.4536,187.3246
1700000080.0,payment-service-1,0.209,0.4416,17.3571,160.5629
1700000081.0,cache-service-1,0.1088,0.7054,2.0495,518.8396
1700000081.0,database-1,0.2567,0.6182,8.8887,309.3844
1700000081.0,frontend-1,0.1496,0.3906,12.0592,200.4209
1700000081.0,order-service-1,0.3099,0.5659,25.9411,182.4156
1700000081.0,payment-service-1,0.2177,0.4519,16.9221,164.3292
1700000082.0,cache-service-1,0.0967,0.7054,1.8857,520.3484
1700000082.0,database-1,0.2633,0.5973,7.4937,289.6003
1700000082.0,frontend-1,0.1431,0.4013,10.5959,195.6723
1700000082.0,order-service-1,0.283,0.5594,21.5268,194.3261
1700000082.0,payment-service-1,0.1992,0.4338,18.1466,157.6959
1700000083.0,cache-service-1,0.0917,0.681,2.4341,487.4104
1700000083.0,database-1,0.2434,0.6074,6.9182,301.4833
1700000083.0,frontend-1,0.1434,0.3965,10.2751,202.4766
1700000083.0,order-service-1,0.306,0.5558,23.5348,180.2395
1700000083.0,payment-service-1,0.2056,0.4426,17.1378,158.7292
1700000084.0,cache-service-1,0.1133,0.7075,1.55,482.4451
1700000084.0,database-1,0.2384,0.6082,8.8663,293.5651
1700000084.0,frontend-1,0.1507,0.4,13.8689,208.392
1700000084.0,order-service-1,0.2952,0.5557,25.2187,187.2144
1700000084.0,payment-service-1,0.1975,0.4444,16.7071,153.326
1700000085.0,cache-service-1,0.1009,0.6847,1.9379,515.0062
1700000085.0,database-1,0.2441,0.5962,7.9996,293.2023
1700000085.0,frontend-1,0.16,0.39,14.5058,201.8411
1700000085.0,order-service-1,0.2986,0.5724,24.5498,175.7446
1700000085.0,payment-service-1,0.2073,0.4649,18.9561,165.7778
1700000086.0,cache-service-1,0.1046,0.6876,2.1521,487.6524
1700000086.0,database-1,0.2371,0.6084,8.9408,298.2029
1700000086.0,frontend-1,0.1612,0.4056,13.1518,195.3957
1700000086.0,order-service-1,0.3054,0.5535,23.7504,174.9039
1700000086.0,payment-service-1,0.1863,0.4486,19.1873,168.1673
1700000087.0,cache-service-1,0.1028,0.715,2.3152,516.7857
1700000087.0,database-1,0.2475,0.6056,7.5314,293.1968
1700000087.0,frontend-1,0.1328,0.401,12.5218,204.096
1700000087.0,order-service-1,0.309,0.537,24.056,180.0694
1700000087.0,payment-service-1,0.2037,0.4489,17.1054,160.798
1700000088.0,cache-service-1,0.1003,0.6924,2.2034,494.2784
1700000088.0,database-1,0.2405,0.6134,6.888,307.9238
1700000088.0,frontend-1,0.1521,0.3909,11.8846,204.9648
1700000088.0,order-service-1,0.2819,0.5386,23.9246,177.3028
1700000088.0,payment-service-1,0.2003,0.457,18.6731,158.7253
1700000089.0,cache-service-1,0.1003,0.685,1.8504,514.3837
1700000089.0,database-1,0.2433,0.594,8.5304,313.3693
1700000089.0,frontend-1,0.1465,0.3941,13.1463,202.2594
1700000089.0,order-service-1,0.2831,0.5553,27.8663,173.0648
1700000089.0,payment-service-1,0.1933,0.4399,20.6451,167.7458
1700000090.0,cache-service-1,0.0945,0.6806,1.8665,501.4001
1700000090.0,database-1,0.2526,0.5991,8.8686,294.5312
1700000090.0,frontend-1,0.1589,0.395,12.4583,205.3727
1700000090.0,order-service-1,0.2978,0.5741,24.6348,181.9034
1700000090.0,payment-service-1,0.2033,0.4468,17.3443,156.3252
1700000091.0,cache-service-1,0.1091,0.6953,1.8844,505.3661
1700000091.0,database-1,0.254,0.6074,9.3264,302.6354
1700000091.0,frontend-1,0.1435,0.4029,11.6335,195.1817
1700000091.0,order-service-1,0.2809,0.5564,27.8628,185.5598
1700000091.0,payment-service-1,0.2071,0.4493,16.4666,157.3656
1700000092.0,cache-service-1,0.1062,0.7074,1.8443,529.7244
1700000092.0,database-1,0.2528,0.6114,6.9353,291.183
1700000092.0,frontend-1,0.1558,0.3939,10.8361,192.1719
1700000092.0,order-service-1,0.2886,0.5561,26.1493,181.0958
1700000092.0,payment-service-1,0.1951,0.439,19.747,158.0268
1700000093.0,cache-service-1,0.1008,0.7063,1.7246,487.0715
1700000093.0,database-1,0.254,0.5905,7.5764,299.4432
1700000093.0,frontend-1,0.1444,0.4009,12.7653,202.5362
1700000093.0,order-service-1,0.2916,0.5464,23.0207,180.1975
1700000093.0,payment-service-1,0.1956,0.4493,20.7481,157.522
1700000094.0,cache-service-1,0.0948,0.702,2.0197,511.1608
1700000094.0,database-1,0.2498,0.5973,7.9302,311.9964
1700000094.0,frontend-1,0.1502,0.4063,11.2009,206.4302
1700000094.0,order-service-1,0.2974,0.5526,25.4709,176.0339
1700000094.0,payment-service-1,0.1985,0.4535,18.7033,157.321
1700000095.0,cache-service-1,0.1011,0.7172,1.7138,493.0903
1700000095.0,database-1,0.2474,0.585,7.4728,296.2684
1700000095.0,frontend-1,0.1529,0.3939,11.7862,189.4327
1700000095.0,order-service-1,0.2804,0.5398,23.1443,174.9568
1700000095.0,payment-service-1,0.2033,0.4366,19.6867,160.3489
1700000096.0,cache-service-1,0.0924,0.7217,1.8968,497.4293
1700000096.0,database-1,0.2442,0.6137,8.7323,297.3381
1700000096.0,frontend-1,0.1524,0.4043,12.0232,199.3535
1700000096.0,order-service-1,0.3001,0.5498,22.0686,179.2119
1700000096.0,payment-service-1,0.1825,0.455,17.5422,161.3557
1700000097.0,cache-service-1,0.0966,0.6783,2.2149,486.9123
1700000097.0,database-1,0.2739,0.6199,9.7503,291.4284
1700000097.0,frontend-1,0.1526,0.401,12.5627,205.6461
1700000097.0,order-service-1,0.3247,0.5469,21.0191,172.8022
1700000097.0,payment-service-1,0.1891,0.4543,18.7509,167.0016
1700000098.0,cache-service-1,0.0968,0.6967,2.2147,502.7728
1700000098.0,database-1,0.2614,0.6159,6.8736,308.3983
1700000098.0,frontend-1,0.1508,0.3926,10.3023,196.0585
1700000098.0,order-service-1,0.2949,0.5478,26.7404,181.5355
1700000098.0,payment-service-1,0.205,0.4521,17.4399,158.2286
1700000099.0,cache-service-1,0.0954,0.7091,2.2121,491.5787
1700000099.0,database-1,0.2507,0.6033,6.4908,294.6798
1700000099.0,frontend-1,0.1262,0.402,12.9154,202.5255
1700000099.0,order-service-1,0.2958,0.5498,25.4589,180.9134
1700000099.0,payment-service-1,0.2025,0.4441,18.416,159.013
1700000100.0,cache-service-1,0.1034,0.7032,1.7015,519.2709
1700000100.0,database-1,0.2574,0.5869,9.2245,294.6156
1700000100.0,frontend-1,0.1435,0.3974,13.2775,201.3099
1700000100.0,order-service-1,0.2846,0.5543,26.8023,175.1367
1700000100.0,payment-service-1,0.2015,0.4442,19.0658,156.7605
1700000101.0,cache-service-1,0.0873,0.7007,1.8655,486.6821
1700000101.0,database-1,0.2527,0.5906,9.08,292.808
1700000101.0,frontend-1,0.1558,0.4011,13.0149,200.5712
1700000101.0,order-service-1,0.281,0.5553,26.3255,180.9309
1700000101.0,payment-service-1,0.205,0.4303,16.1214,160.3944
1700000102.0,cache-service-1,0.105,0.6826,1.5233,511.9805
1700000102.0,database-1,0.2782,0.6186,7.0359,309.3361
1700000102.0,frontend-1,0.1453,0.4096,14.2385,211.8166
1700000102.0,order-service-1,0.3013,0.5496,24.1857,179.0773
1700000102.0,payment-service-1,0.1872,0.4517,19.6027,155.7835
1700000103.0,cache-service-1,0.1005,0.7108,2.1005,519.9418
1700000103.0,database-1,0.2409,0.5847,9.2305,291.2437
1700000103.0,frontend-1,0.1458,0.4085,13.2359,208.5954
1700000103.0,order-service-1,0.292,0.5583,26.2893,179.9807
1700000103.0,payment-service-1,0.2098,0.4431,18.4233,164.4424
1700000104.0,cache-service-1,0.0982,0.7085,1.908,488.7719
1700000104.0,database-1,0.2417,0.5878,7.6283,286.6709
1700000104.0,frontend-1,0.1542,0.409,13.0042,200.5466
1700000104.0,order-service-1,0.2901,0.5661,23.6653,187.7263
1700000104.0,payment-service-1,0.1948,0.4467,17.4152,158.2276
1700000105.0,cache-service-1,0.0951,0.7057,1.9721,483.1967
1700000105.0,database-1,0.2377,0.6225,9.1767,319.5115
1700000105.0,frontend-1,0.1489,0.4011,10.2473,190.8285
1700000105.0,order-service-1,0.296,0.5625,24.5788,180.2444
1700000105.0,payment-service-1,0.2043,0.4473,14.6059,156.225
1700000106.0,cache-service-1,0.0997,0.6884,1.9264,500.7774
1700000106.0,database-1,0.273,0.5885,7.2953,291.6903
1700000106.0,frontend-1,0.1556,0.4027,10.6969,200.4462
1700000106.0,order-service-1,0.301,0.5519,23.2158,187.2684
1700000106.0,payment-service-1,0.1967,0.4479,18.5639,156.0155
1700000107.0,cache-service-1,0.1024,0.6791,2.2032,494.199
1700000107.0,database-1,0.2524,0.5991,7.4814,305.6374
1700000107.0,frontend-1,0.1503,0.4083,12.9398,209.9563
1700000107.0,order-service-1,0.3018,0.5471,28.4024,180.1386
1700000107.0,payment-service-1,0.2086,0.4528,16.3219,149.8237
1700000108.0,cache-service-1,0.1026,0.6864,1.9883,513.8186
1700000108.0,database-1,0.2707,0.5731,6.9183,314.5241
1700000108.0,frontend-1,0.1657,0.3945,11.9563,203.4135
1700000108.0,order-service-1,0.2705,0.5536,27.1771,186.5364
1700000108.0,payment-service-1,0.2016,0.4623,19.5074,158.5366
1700000109.0,cache-service-1,0.0932,0.6848,2.0893,496.0797
1700000109.0,database-1,0.2235,0.5992,7.3988,313.1079
1700000109.0,frontend-1,0.1518,0.4093,12.0178,206.4943
1700000109.0,order-service-1,0.3084,0.5603,21.4951,186.652
1700000109.0,payment-service-1,0.209,0.455,17.2371,154.0952
1700000110.0,cache-service-1,0.1002,0.6984,2.0796,491.503
1700000110.0,database-1,0.2493,0.6198,7.3333,302.0426
1700000110.0,frontend-1,0.1627,0.4083,10.6531,191.3801
1700000110.0,order-service-1,0.2959,0.5371,26.7637,172.2306
1700000110.0,payment-service-1,0.2079,0.4553,20.7874,158.5554
1700000111.0,cache-service-1,0.0983,0.7177,1.8167,505.0044
1700000111.0,database-1,0.2536,0.6114,7.2263,287.8532
1700000111.0,frontend-1,0.1404,0.3974,11.8003,213.7065
1700000111.0,order-service-1,0.2929,0.56,25.4425,179.5904
1700000111.0,payment-service-1,0.2006,0.4583,17.3582,151.5404
1700000112.0,cache-service-1,0.1112,0.6992,1.9272,510.9771
1700000112.0,database-1,0.2576,0.6022,7.8764,297.1879
1700000112.0,frontend-1,0.1393,0.41,10.1384,201.2914
1700000112.0,order-service-1,0.3023,0.5434,23.8458,183.423
1700000112.0,payment-service-1,0.2001,0.4656,19.2542,161.2728
1700000113.0,cache-service-1,0.1028,0.722,1.7333,484.8116
1700000113.0,database-1,0.2628,0.5934,8.2504,299.4303
1700000113.0,frontend-1,0.1249,0.3885,10.7343,197.7084
1700000113.0,order-service-1,0.2755,0.5534,28.3113,176.8402
1700000113.0,payment-service-1,0.1818,0.4483,17.4498,163.9112
1700000114.0,cache-service-1,0.1076,0.6756,1.9936,501.8875
1700000114.0,database-1,0.2525,0.5971,8.2011,298.5563
1700000114.0,frontend-1,0.1501,0.3904,12.653,205.9758
1700000114.0,order-service-1,0.293,0.5496,20.648,171.3618
1700000114.0,payment-service-1,0.1913,0.4488,15.1862,153.849
1700000115.0,cache-service-1,0.1067,0.7044,2.1881,502.3487
1700000115.0,database-1,0.2557,0.6071,8.4857,301.2422
1700000115.0,frontend-1,0.1491,0.3928,14.3289,196.6297
1700000115.0,order-service-1,0.2757,0.5522,21.0952,183.7874
1700000115.0,payment-service-1,0.192,0.4494,16.3459,146.2804
1700000116.0,cache-service-1,0.1052,0.6977,2.1205,534.7172
1700000116.0,database-1,0.2393,0.597,8.3699,310.9739
1700000116.0,frontend-1,0.1544,0.3908,11.127,192.6118
1700000116.0,order-service-1,0.3108,0.5558,27.911,178.5045
1700000116.0,payment-service-1,0.1922,0.4561,14.6561,161.313
1700000117.0,cache-service-1,0.0971,0.7097,1.9874,485.3658
1700000117.0,database-1,0.2366,0.5948,8.2894,307.6172
1700000117.0,frontend-1,0.15,0.4149,12.2962,194.9724
1700000117.0,order-service-1,0.3047,0.5362,27.4414,184.6134
1700000117.0,payment-service-1,0.1912,0.45,16.3094,153.0745
1700000118.0,cache-service-1,0.0931,0.6986,2.1529,491.9798
1700000118.0,database-1,0.2558,0.5991,7.6097,290.0656
1700000118.0,frontend-1,0.1469,0.4004,10.1334,197.7287
1700000118.0,order-service-1,0.2955,0.5545,21.0851,177.3693
1700000118.0,payment-service-1,0.2035,0.4705,17.0199,159.2324
1700000119.0,cache-service-1,0.0944,0.7172,2.357,483.8154
1700000119.0,database-1,0.2612,0.5917,8.6417,305.3706
1700000119.0,frontend-1,0.1416,0.4008,12.4033,200.101
1700000119.0,order-service-1,0.3085,0.5533,18.7178,172.2542
1700000119.0,payment-service-1,0.1726,0.4631,17.7294,163.1543
1700000120.0,cache-service-1,0.1,0.7072,1.7876,514.1685
1700000120.0,database-1,0.2659,0.5982,7.8937,299.7472
1700000120.0,frontend-1,0.1577,0.4016,9.1128,195.5868
1700000120.0,order-service-1,0.3142,0.556,26.7624,182.0487
1700000120.0,payment-service-1,0.1877,0.4438,18.4609,166.824
1700000121.0,cache-service-1,0.1081,0.6844,1.6698,486.9306
1700000121.0,database-1,0.2478,0.6107,6.7272,298.3066
1700000121.0,frontend-1,0.1393,0.4037,9.8629,196.2713
1700000121.0,order-service-1,0.299,0.5663,25.9272,187.4947
1700000121.0,payment-service-1,0.1819,0.4562,18.9948,165.1773
1700000122.0,cache-service-1,0.1131,0.6891,2.1413,507.994
1700000122.0,database-1,0.272,0.6063,8.8481,299.8362
1700000122.0,frontend-1,0.1417,0.402,14.3381,200.4254
1700000122.0,order-service-1,0.2926,0.5341,24.434,170.6344
1700000122.0,payment-service-1,0.1919,0.444,17.022,153.3462
1700000123.0,cache-service-1,0.1038,0.7074,2.005,491.4541
1700000123.0,database-1,0.2528,0.6019,7.9701,294.3511
1700000123.0,frontend-1,0.1449,0.4164,11.3562,193.8976
1700000123.0,order-service-1,0.3155,0.543,20.6966,190.009
1700000123.0,payment-service-1,0.2205,0.4469,16.1959,160.1405
1700000124.0,cache-service-1,0.0985,0.7226,1.7294,489.1864
1700000124.0,database-1,0.2735,0.5906,8.2549,301.0673
1700000124.0,frontend-1,0.1495,0.391,10.1418,205.4446
1700000124.0,order-service-1,0.288,0.5357,22.6091,176.8259
1700000124.0,payment-service-1,0.2015,0.4552,20.8298,149.6534
1700000125.0,cache-service-1,0.1045,0.6951,1.8849,501.9129
1700000125.0,database-1,0.2448,0.5892,7.6834,292.0049
1700000125.0,frontend-1,0.155,0.416,11.8498,197.1084
1700000125.0,order-service-1,0.2929,0.5571,23.2789,179.8962
1700000125.0,payment-service-1,0.204,0.4514,17.4587,165.0504
1700000126.0,cache-service-1,0.0999,0.6975,2.0095,523.2897
1700000126.0,database-1,0.2395,0.5864,7.5946,310.8451
1700000126.0,frontend-1,0.1508,0.3996,12.8477,200.9695
1700000126.0,order-service-1,0.2991,0.5655,25.2136,179.5714
1700000126.0,payment-service-1,0.2051,0.458,17.8456,156.3193
1700000127.0,cache-service-1,0.1005,0.6879,1.9454,494.5174
1700000127.0,database-1,0.2645,0.5914,7.8101,309.6995
1700000127.0,frontend-1,0.1584,0.3968,10.3184,200.4217
1700000127.0,order-service-1,0.2829,0.5494,27.5031,178.3037
1700000127.0,payment-service-1,0.1945,0.4511,18.0815,161.3825
1700000128.0,cache-service-1,0.1047,0.6832,1.7749,491.7332
1700000128.0,database-1,0.2698,0.5866,8.4275,290.3128
1700000128.0,frontend-1,0.1579,0.4114,11.5923,203.9561
1700000128.0,order-service-1,0.32,0.5727,25.2578,175.9774
1700000128.0,payment-service-1,0.1827,0.4386,17.3666,160.5044
1700000129.0,cache-service-1,0.0943,0.7225,1.9395,481.2104
1700000129.0,database-1,0.2447,0.6031,7.7779,289.6299
1700000129.0,frontend-1,0.1531,0.3919,11.4491,194.425
1700000129.0,order-service-1,0.3142,0.5185,26.7967,186.3495
1700000129.0,payment-service-1,0.2021,0.4423,17.4896,169.5275
1700000130.0,cache-service-1,0.0962,0.7159,2.0571,500.0158
1700000130.0,database-1,0.2504,0.585,6.6489,315.1197
1700000130.0,frontend-1,0.1502,0.4078,11.9057,193.5074
1700000130.0,order-service-1,0.3123,0.5791,23.6272,178.742
1700000130.0,payment-service-1,0.1945,0.4526,18.0059,156.0997
1700000131.0,cache-service-1,0.0962,0.7061,1.6881,485.3573
1700000131.0,database-1,0.2458,0.6073,7.7339,301.7897
1700000131.0,frontend-1,0.1522,0.4015,11.1167,196.4745
1700000131.0,order-service-1,0.2771,0.561,24.1201,176.2226
1700000131.0,payment-service-1,0.2071,0.4456,16.2464,158.2311
1700000132.0,cache-service-1,0.094,0.6843,2.0797,510.9539
1700000132.0,database-1,0.2569,0.5868,8.4809,305.7332
1700000132.0,frontend-1,0.1535,0.407,11.8656,202.935
1700000132.0,order-service-1,0.3096,0.5589,26.8208,170.9119
1700000132.0,payment-service-1,0.2032,0.4495,18.5893,159.967
1700000133.0,cache-service-1,0.103,0.7196,1.7287,490.3964
1700000133.0,database-1,0.2605,0.598,7.5903,297.3811
1700000133.0,frontend-1,0.1434,0.4232,14.2878,206.1273
1700000133.0,order-service-1,0.3046,0.5573,25.2416,189.1921
1700000133.0,payment-service-1,0.2002,0.4468,19.4692,151.5967
1700000134.0,cache-service-1,0.1016,0.6967,1.9432,496.8061
1700000134.0,database-1,0.228,0.5866,7.6647,298.2157
1700000134.0,frontend-1,0.1528,0.3989,12.2353,203.0356
1700000134.0,order-service-1,0.3301,0.5544,27.7628,186.5413
1700000134.0,payment-service-1,0.196,0.4447,19.5831,157.4328
1700000135.0,cache-service-1,0.0969,0.6954,2.1727,492.3473
1700000135.0,database-1,0.2319,0.6016,9.7132,292.4601
1700000135.0,frontend-1,0.1577,0.4039,9.9742,197.4854
1700000135.0,order-service-1,0.277,0.5504,20.0839,175.9509
1700000135.0,payment-service-1,0.1986,0.4413,15.8153,158.0102
1700000136.0,cache-service-1,0.1002,0.7107,2.1085,524.6384
1700000136.0,database-1,0.2537,0.5947,7.7394,299.0594
1700000136.0,frontend-1,0.1532,0.4059,11.6875,199.9657
1700000136.0,order-service-1,0.3167,0.537,27.5898,175.3781
1700000136.0,payment-service-1,0.1863,0.4595,16.2006,161.392
1700000137.0,cache-service-1,0.1002,0.7125,2.1982,527.5026
1700000137.0,database-1,0.246,0.6,8.4487,292.0131
1700000137.0,frontend-1,0.1493,0.4058,10.4785,215.8513
1700000137.0,order-service-1,0.3162,0.5738,23.1719,177.048
1700000137.0,payment-service-1,0.2088,0.4373,16.5087,165.0324
1700000138.0,cache-service-1,0.097,0.701,1.6899,522.0863
1700000138.0,database-1,0.2376,0.5762,8.9022,317.4534
1700000138.0,frontend-1,0.1507,0.3998,11.4558,199.4345
1700000138.0,order-service-1,0.3097,0.5484,24.3482,179.8601
1700000138.0,payment-service-1,0.2007,0.4586,18.6983,155.6481
1700000139.0,cache-service-1,0.099,0.7059,1.4582,503.8786
1700000139.0,database-1,0.2482,0.5926,7.6591,309.0019
1700000139.0,frontend-1,0.1467,0.3979,13.9214,211.8874
1700000139.0,order-service-1,0.2914,0.5513,30.8427,188.8939
1700000139.0,payment-service-1,0.1987,0.4628,18.5147,161.9725
1700000140.0,cache-service-1,0.1094,0.6898,1.7342,497.1554
1700000140.0,database-1,0.2621,0.5862,7.6934,311.1316
1700000140.0,frontend-1,0.1463,0.3923,9.5564,206.4584
1700000140.0,order-service-1,0.2795,0.5405,25.3817,174.104
1700000140.0,payment-service-1,0.202,0.4511,18.5123,154.4618
1700000141.0,cache-service-1,0.0968,0.7123,1.8989,482.6234
1700000141.0,database-1,0.2508,0.5966,7.2618,294.5144
1700000141.0,frontend-1,0.1565,0.402,10.7358,194.9047
1700000141.0,order-service-1,0.2912,0.5547,26.6528,175.1294
1700000141.0,payment-service-1,0.219,0.429,16.3005,150.3946
1700000142.0,cache-service-1,0.0989,0.6943,2.0493,485.0886
1700000142.0,database-1,0.2494,0.5871,8.8087,297.4364
1700000142.0,frontend-1,0.1573,0.4127,11.9392,201.9165
1700000142.0,order-service-1,0.2731,0.5464,25.6085,174.9469
1700000142.0,payment-service-1,0.2101,0.4475,16.501,165.782
1700000143.0,cache-service-1,0.0963,0.7056,2.1194,497.9166
1700000143.0,database-1,0.2559,0.5832,7.7147,303.396
1700000143.0,frontend-1,0.154,0.3897,10.5477,208.771
1700000143.0,order-service-1,0.3057,0.5403,23.2332,188.107
1700000143.0,payment-service-1,0.1993,0.4602,16.0942,170.3315
1700000144.0,cache-service-1,0.1132,0.6993,2.1311,502.5473
1700000144.0,database-1,0.2543,0.5973,8.7346,297.7383
1700000144.0,frontend-1,0.1524,0.4046,13.968,201.7507
1700000144.0,order-service-1,0.2643,0.5398,28.1452,177.1641
1700000144.0,payment-service-1,0.1981,0.4481,17.6267,157.2561
1700000145.0,cache-service-1,0.111,0.6961,2.0433,489.2811
1700000145.0,database-1,0.2545,0.59,8.6977,299.1992
1700000145.0,frontend-1,0.1537,0.3998,11.9757,207.0217
1700000145.0,order-service-1,0.2774,0.5456,30.0531,181.5851
1700000145.0,payment-service-1,0.1886,0.4441,18.4589,159.1508
1700000146.0,cache-service-1,0.1044,0.6893,2.1829,493.5671
1700000146.0,database-1,0.2333,0.5856,8.5558,315.6859
1700000146.0,frontend-1,0.1458,0.4019,13.2268,196.9721
1700000146.0,order-service-1,0.2931,0.5583,26.4398,184.5955
1700000146.0,payment-service-1,0.2018,0.4533,17.9439,157.3968
1700000147.0,cache-service-1,0.0993,0.7008,2.0744,499.4905
1700000147.0,database-1,0.2464,0.5968,9.2041,292.9119
1700000147.0,frontend-1,0.1566,0.4113,12.3594,202.0304
1700000147.0,order-service-1,0.3034,0.5547,27.741,173.2007
1700000147.0,payment-service-1,0.2072,0.447,16.1239,162.3269
1700000148.0,cache-service-1,0.0998,0.727,2.0389,503.2819
1700000148.0,database-1,0.2533,0.6061,7.4898,287.249
1700000148.0,frontend-1,0.1504,0.3964,10.6976,206.4115
1700000148.0,order-service-1,0.2992,0.5414,24.3988,184.6826
1700000148.0,payment-service-1,0.1908,0.4506,20.494,175.6429
1700000149.0,cache-service-1,0.093,0.7006,1.962,504.5445
1700000149.0,database-1,0.2546,0.6246,6.9902,307.1939
1700000149.0,frontend-1,0.1461,0.3942,13.412,197.1597
1700000149.0,order-service-1,0.3271,0.5645,20.5021,183.5577
1700000149.0,payment-service-1,0.205,0.4451,19.9489,158.3003
1700000150.0,cache-service-1,0.0832,0.7142,2.2244,515.5813
1700000150.0,database-1,0.255,0.5771,7.8497,291.0273
1700000150.0,frontend-1,0.1536,0.3947,12.9122,197.1155
1700000150.0,order-service-1,0.2787,0.5465,26.9091,168.7667
1700000150.0,payment-service-1,0.1996,0.4499,14.9186,156.8206
1700000151.0,cache-service-1,0.0927,0.6775,1.8611,487.9941
1700000151.0,database-1,0.2368,0.605,8.1921,284.3257
1700000151.0,frontend-1,0.1499,0.4027,10.8719,190.4458
1700000151.0,order-service-1,0.2942,0.5548,24.5677,177.7412
1700000151.0,payment-service-1,0.1929,0.4475,18.6552,167.1705
1700000152.0,cache-service-1,0.0934,0.6999,1.6172,477.413
1700000152.0,database-1,0.2642,0.5966,8.5959,302.58
1700000152.0,frontend-1,0.1406,0.4059,12.8802,193.1317
1700000152.0,order-service-1,0.3236,0.5722,23.1446,173.3218
1700000152.0,payment-service-1,0.1897,0.4465,17.5617,158.8014
1700000153.0,cache-service-1,0.0964,0.721,1.9637,497.1325
1700000153.0,database-1,0.2837,0.6182,9.0643,293.0536
1700000153.0,frontend-1,0.1562,0.4099,10.4937,195.3891
1700000153.0,order-service-1,0.2735,0.5353,25.5398,179.7496
1700000153.0,payment-service-1,0.2011,0.433,18.1819,159.8162
1700000154.0,cache-service-1,0.0994,0.6935,1.6037,497.0452
1700000154.0,database-1,0.2778,0.6095,7.8212,301.2858
1700000154.0,frontend-1,0.155,0.4057,13.4678,198.5749
1700000154.0,order-service-1,0.2889,0.5419,30.8034,186.1425
1700000154.0,payment-service-1,0.1933,0.4296,19.2481,166.2385
1700000155.0,cache-service-1,0.0962,0.6978,1.9301,493.2701
1700000155.0,database-1,0.243,0.6191,8.7448,299.6722
1700000155.0,frontend-1,0.1547,0.402,11.037,207.0563
1700000155.0,order-service-1,0.2759,0.5518,29.9727,182.1332
1700000155.0,payment-service-1,0.184,0.4358,20.4388,156.2609
1700000156.0,cache-service-1,0.1019,0.6909,1.8855,505.2336
1700000156.0,database-1,0.2579,0.6002,7.5135,301.1782
1700000156.0,frontend-1,0.1509,0.41,12.0185,190.3328
1700000156.0,order-service-1,0.2945,0.5285,23.4903,174.8544
1700000156.0,payment-service-1,0.1822,0.454,17.3518,158.8471
1700000157.0,cache-service-1,0.097,0.7121,1.9207,506.8162
1700000157.0,database-1,0.272,0.6169,8.252,308.6134
1700000157.0,frontend-1,0.1482,0.4042,11.6304,205.112
1700000157.0,order-service-1,0.3,0.5508,21.0865,181.4579
1700000157.0,payment-service-1,0.1991,0.4538,15.8486,161.9717
1700000158.0,cache-service-1,0.1031,0.6984,2.4361,520.275
1700000158.0,database-1,0.2365,0.5923,7.0743,310.7993
1700000158.0,frontend-1,0.1484,0.3852,11.6592,198.1868
1700000158.0,order-service-1,0.3071,0.5383,29.2947,180.9192
1700000158.0,payment-service-1,0.1947,0.4618,19.7165,159.0161
1700000159.0,cache-service-1,0.1058,0.6843,2.0458,499.5014
1700000159.0,database-1,0.2503,0.5857,7.429,305.8988
1700000159.0,frontend-1,0.1413,0.4097,13.3834,202.5191
1700000159.0,order-service-1,0.2939,0.5608,26.2779,179.9764
1700000159.0,payment-service-1,0.2238,0.4506,16.9258,163.9686
1700000160.0,cache-service-1,0.1129,0.689,2.2816,498.4268
1700000160.0,database-1,0.2575,0.6016,9.184,292.9677
1700000160.0,frontend-1,0.1426,0.3987,11.9358,202.2399
1700000160.0,order-service-1,0.3164,0.5582,22.7856,176.5511
1700000160.0,payment-service-1,0.2141,0.4572,17.369,164.81
1700000161.0,cache-service-1,0.0968,0.6994,2.1883,506.0473
1700000161.0,database-1,0.259,0.5971,7.3065,300.5355
1700000161.0,frontend-1,0.1605,0.4027,11.0013,197.7337
1700000161.0,order-service-1,0.3123,0.5313,24.5141,174.4999
1700000161.0,payment-service-1,0.2108,0.456,16.066,161.5864
1700000162.0,cache-service-1,0.1013,0.6766,1.7051,502.724
1700000162.0,database-1,0.2466,0.6061,7.4549,293.7801
1700000162.0,frontend-1,0.1562,0.398,11.8427,188.2175
1700000162.0,order-service-1,0.3005,0.5451,22.037,187.4667
1700000162.0,payment-service-1,0.2026,0.4531,13.9572,154.8964
1700000163.0,cache-service-1,0.105,0.7277,2.1553,485.6564
1700000163.0,database-1,0.2509,0.6077,7.6768,303.6024
1700000163.0,frontend-1,0.152,0.4172,13.8787,203.8157
1700000163.0,order-service-1,0.3191,0.5463,25.2279,177.9191
1700000163.0,payment-service-1,0.1963,0.4503,20.6638,157.7457
1700000164.0,cache-service-1,0.1075,0.6943,2.0064,517.5612
1700000164.0,database-1,0.225,0.5878,7.7515,286.4473
1700000164.0,frontend-1,0.1616,0.393,10.3236,198.8274
1700000164.0,order-service-1,0.2779,0.5468,25.6243,182.2135
1700000164.0,payment-service-1,0.2007,0.4656,17.6583,148.5745
1700000165.0,cache-service-1,0.0982,0.6969,1.7394,497.6923
1700000165.0,database-1,0.2388,0.5994,8.1549,299.3394
1700000165.0,frontend-1,0.1485,0.4087,12.0012,205.8731
1700000165.0,order-service-1,0.2842,0.557,25.3171,170.4464
1700000165.0,payment-service-1,0.1932,0.4577,18.0704,159.3415
1700000166.0,cache-service-1,0.0962,0.7125,1.9023,500.3357
1700000166.0,database-1,0.259,0.5912,7.8848,306.5164
1700000166.0,frontend-1,0.1598,0.4064,11.0605,191.1717
1700000166.0,order-service-1,0.3056,0.5503,20.5908,179.346
1700000166.0,payment-service-1,0.1955,0.443,17.3095,159.334
1700000167.0,cache-service-1,0.1027,0.7195,1.7464,493.769
1700000167.0,database-1,0.2658,0.6049,9.0346,304.5311
1700000167.0,frontend-1,0.1434,0.3927,14.1905,203.3876
1700000167.0,order-service-1,0.2856,0.5262,27.7409,177.2426
1700000167.0,payment-service-1,0.2039,0.4526,19.6846,158.2073
1700000168.0,cache-service-1,0.1095,0.6821,2.0699,512.0376
1700000168.0,database-1,0.2698,0.609,8.5988,306.6174
1700000168.0,frontend-1,0.1555,0.3994,10.564,199.6118
1700000168.0,order-service-1,0.3366,0.5445,23.9968,176.4738
1700000168.0,payment-service-1,0.1883,0.4463,14.4451,162.1557
1700000169.0,cache-service-1,0.0992,0.6849,1.8577,502.1451
1700000169.0,database-1,0.2502,0.5885,6.0629,307.5379
1700000169.0,frontend-1,0.1439,0.4051,10.6681,200.8439
1700000169.0,order-service-1,0.3152,0.548,25.7082,185.8161
1700000169.0,payment-service-1,0.2033,0.4475,17.3292,155.5238
1700000170.0,cache-service-1,0.0998,0.6907,2.0021,503.8757
1700000170.0,database-1,0.2301,0.5823,7.874,292.1968
1700000170.0,frontend-1,0.1654,0.398,12.0203,203.8466
1700000170.0,order-service-1,0.279,0.5336,23.6443,179.5381
1700000170.0,payment-service-1,0.2094,0.4453,18.3082,161.8901
1700000171.0,cache-service-1,0.0946,0.6982,1.8093,516.2214
1700000171.0,database-1,0.246,0.5972,8.4679,314.5432
1700000171.0,frontend-1,0.1543,0.3943,14.2749,200.9513
1700000171.0,order-service-1,0.3063,0.5584,26.3591,184.2983
1700000171.0,payment-service-1,0.1817,0.4464,17.5267,154.0488
1700000172.0,cache-service-1,0.101,0.7027,2.2687,480.1819
1700000172.0,database-1,0.2564,0.58,7.9477,307.6145
1700000172.0,frontend-1,0.1488,0.3899,13.2805,204.1181
1700000172.0,order-service-1,0.3113,0.5501,24.0125,176.539
1700000172.0,payment-service-1,0.1965,0.447,17.6885,153.6135
1700000173.0,cache-service-1,0.1001,0.7051,1.8997,522.4871
1700000173.0,database-1,0.254,0.6102,8.3342,302.9271
1700000173.0,frontend-1,0.153,0.4047,13.8061,202.9187
1700000173.0,order-service-1,0.315,0.5554,25.2623,184.1805
1700000173.0,payment-service-1,0.1959,0.4517,14.5484,159.6889
1700000174.0,cache-service-1,0.0938,0.6879,2.0466,515.3873
1700000174.0,database-1,0.2637,0.6144,6.3144,317.2514
1700000174.0,frontend-1,0.1414,0.4004,12.1364,202.7584
1700000174.0,order-service-1,0.3026,0.5466,24.3981,177.7625
1700000174.0,payment-service-1,0.1704,0.4584,19.6484,161.5267
1700000175.0,cache-service-1,0.1071,0.695,1.6846,503.6
1700000175.0,database-1,0.2679,0.6092,6.8677,294.0097
1700000175.0,frontend-1,0.1456,0.3961,13.4928,200.4619
1700000175.0,order-service-1,0.3092,0.5493,24.7401,180.4278
1700000175.0,payment-service-1,0.1927,0.4503,16.6193,168.7988
1700000176.0,cache-service-1,0.092,0.7056,2.3423,513.0458
1700000176.0,database-1,0.2269,0.5764,7.9224,306.8191
1700000176.0,frontend-1,0.1417,0.4082,11.0148,202.6068
1700000176.0,order-service-1,0.3207,0.5541,27.7063,176.0948
1700000176.0,payment-service-1,0.1952,0.4531,15.5812,152.8279
1700000177.0,cache-service-1,0.1003,0.6954,2.0974,478.0319
1700000177.0,database-1,0.2592,0.5931,8.4373,297.9122
1700000177.0,frontend-1,0.1444,0.3851,11.935,198.6496
1700000177.0,order-service-1,0.2912,0.5557,23.1533,187.98
1700000177.0,payment-service-1,0.1984,0.449,16.5144,163.3935
1700000178.0,cache-service-1,0.1039,0.6973,1.9503,499.3044
1700000178.0,database-1,0.2397,0.5967,7.3408,291.0371
1700000178.0,frontend-1,0.1518,0.4027,11.0229,203.8738
1700000178.0,order-service-1,0.2931,0.5504,26.0,175.263
1700000178.0,payment-service-1,0.1809,0.4646,16.4836,163.6145
1700000179.0,cache-service-1,0.1046,0.7048,1.9845,501.5873
1700000179.0,database-1,0.2409,0.5845,7.861,308.4173
1700000179.0,frontend-1,0.1508,0.4135,12.2416,194.0939
1700000179.0,order-service-1,0.31,0.5629,29.4301,173.0313
1700000179.0,payment-service-1,0.1911,0.4569,18.0128,168.774
1700000180.0,cache-service-1,0.1044,0.6767,2.0989,499.5981
1700000180.0,database-1,0.2455,0.6048,7.7776,310.8402
1700000180.0,frontend-1,0.1524,0.3886,14.8453,197.7044
1700000180.0,order-service-1,0.2915,0.5393,26.9626,185.2542
1700000180.0,payment-service-1,0.2066,0.449,17.8662,168.603
1700000181.0,cache-service-1,0.1054,0.7029,1.9644,482.8391
1700000181.0,database-1,0.2553,0.5964,8.2852,300.0437
1700000181.0,frontend-1,0.1528,0.3947,12.5511,202.5812
1700000181.0,order-service-1,0.3216,0.5559,24.9814,168.8147
1700000181.0,payment-service-1,0.1916,0.4446,20.003,166.8649
1700000182.0,cache-service-1,0.1044,0.7129,2.137,495.027
1700000182.0,database-1,0.2596,0.6041,8.6949,303.178
1700000182.0,frontend-1,0.1589,0.3921,12.7581,191.2585
1700000182.0,order-service-1,0.2849,0.5529,22.0047,171.2852
1700000182.0,payment-service-1,0.2024,0.4392,19.1383,162.7316
1700000183.0,cache-service-1,0.1049,0.714,2.0597,488.3993
1700000183.0,database-1,0.2533,0.5945,8.4356,293.6822
1700000183.0,frontend-1,0.1453,0.4028,11.7605,197.5752
1700000183.0,order-service-1,0.2914,0.5451,23.0955,180.7412
1700000183.0,payment-service-1,0.2014,0.4498,17.5104,155.7156
1700000184.0,cache-service-1,0.0976,0.7129,1.7405,506.0471
1700000184.0,database-1,0.2452,0.6048,9.4644,293.7923
1700000184.0,frontend-1,0.146,0.4052,11.3865,209.945
1700000184.0,order-service-1,0.2712,0.5571,27.9479,172.9668
1700000184.0,payment-service-1,0.2007,0.4488,18.3149,161.7118
1700000185.0,cache-service-1,0.0959,0.729,2.4927,483.532
1700000185.0,database-1,0.2718,0.5863,7.7872,298.9409
1700000185.0,frontend-1,0.1558,0.4076,11.7348,201.3485
1700000185.0,order-service-1,0.2988,0.5418,27.3137,172.8305
1700000185.0,payment-service-1,0.1963,0.4439,15.8206,162.6753
1700000186.0,cache-service-1,0.1028,0.7101,1.6926,501.0034
1700000186.0,database-1,0.247,0.6174,8.1246,298.9109
1700000186.0,frontend-1,0.1496,0.4113,12.225,200.132
1700000186.0,order-service-1,0.2848,0.5705,25.1691,184.314
1700000186.0,payment-service-1,0.2019,0.4546,21.77,169.7051
1700000187.0,cache-service-1,0.1048,0.7049,1.5958,496.1787
1700000187.0,database-1,0.2527,0.6048,8.177,310.3953
1700000187.0,frontend-1,0.1439,0.3745,12.8679,203.5406
1700000187.0,order-service-1,0.2849,0.5493,20.5634,176.0866
1700000187.0,payment-service-1,0.1891,0.4521,17.1838,159.8381
1700000188.0,cache-service-1,0.1003,0.6847,1.8645,528.2295
1700000188.0,database-1,0.2622,0.5893,7.6579,299.2893
1700000188.0,frontend-1,0.1396,0.4113,12.5451,191.9265
1700000188.0,order-service-1,0.2957,0.5491,25.6999,179.1829
1700000188.0,payment-service-1,0.2105,0.4695,19.2713,164.8335
1700000189.0,cache-service-1,0.0955,0.7218,2.0798,494.5121
1700000189.0,database-1,0.2224,0.5989,8.5683,299.6416
1700000189.0,frontend-1,0.1572,0.3974,11.1984,204.0891
1700000189.0,order-service-1,0.2829,0.5549,22.0361,188.0175
1700000189.0,payment-service-1,0.192,0.4461,18.508,153.561
1700000190.0,cache-service-1,0.0947,0.7138,2.1561,503.2899
1700000190.0,database-1,0.2499,0.5973,7.1901,295.3589
1700000190.0,frontend-1,0.1485,0.3986,13.6879,204.2664
1700000190.0,order-service-1,0.3025,0.5674,28.1785,181.2208
1700000190.0,payment-service-1,0.1968,0.4475,19.6213,161.6015
1700000191.0,cache-service-1,0.1028,0.6708,2.2786,474.0155
1700000191.0,database-1,0.2226,0.59,7.8324,304.0452
1700000191.0,frontend-1,0.1461,0.3947,10.4669,199.0593
1700000191.0,order-service-1,0.2868,0.5455,24.013,184.4731
1700000191.0,payment-service-1,0.1998,0.451,19.9349,158.962
1700000192.0,cache-service-1,0.0971,0.702,2.0178,491.408
1700000192.0,database-1,0.2608,0.6054,8.61,292.8733
1700000192.0,frontend-1,0.1385,0.4117,11.6855,198.5679
1700000192.0,order-service-1,0.2891,0.5684,26.6194,183.7335
1700000192.0,payment-service-1,0.211,0.4482,21.4881,153.9803
1700000193.0,cache-service-1,0.096,0.6925,2.4918,488.4265
1700000193.0,database-1,0.2417,0.6223,8.7349,304.4401
1700000193.0,frontend-1,0.1395,0.3946,12.099,208.1879
1700000193.0,order-service-1,0.3105,0.5356,27.0208,189.2498
1700000193.0,payment-service-1,0.2059,0.4342,21.7706,164.2783
1700000194.0,cache-service-1,0.1006,0.7066,2.3743,481.8618
1700000194.0,database-1,0.2562,0.5964,8.7165,304.6035
1700000194.0,frontend-1,0.1508,0.3909,14.3938,192.6059
1700000194.0,order-service-1,0.29,0.564,25.5304,187.4161
1700000194.0,payment-service-1,0.2013,0.4595,19.1926,154.2138
1700000195.0,cache-service-1,0.0946,0.7207,2.4168,510.0407
1700000195.0,database-1,0.2493,0.6105,8.1854,305.1845
1700000195.0,frontend-1,0.1394,0.4035,13.2702,200.5639
1700000195.0,order-service-1,0.3036,0.5389,24.6283,181.4366
1700000195.0,payment-service-1,0.2053,0.4596,19.9604,156.1437
1700000196.0,cache-service-1,0.1105,0.7213,1.8744,474.6134
1700000196.0,database-1,0.241,0.6027,7.7666,293.0814
1700000196.0,frontend-1,0.1564,0.4061,10.9976,192.2774
1700000196.0,order-service-1,0.2919,0.5614,22.7012,182.4151
1700000196.0,payment-service-1,0.2114,0.4497,14.8447,158.6694
1700000197.0,cache-service-1,0.0983,0.693,1.9261,495.6264
1700000197.0,database-1,0.2439,0.5926,9.5389,296.9413
1700000197.0,frontend-1,0.1498,0.4034,10.5241,210.6722
1700000197.0,order-service-1,0.2928,0.5557,29.0694,176.1997
1700000197.0,payment-service-1,0.1883,0.4548,17.3966,168.7201
1700000198.0,cache-service-1,0.1092,0.731,2.2254,515.6563
1700000198.0,database-1,0.2477,0.6037,8.3294,307.8588
1700000198.0,frontend-1,0.1573,0.4044,13.7332,206.0342
1700000198.0,order-service-1,0.2981,0.5391,24.7882,187.2869
1700000198.0,payment-service-1,0.2052,0.4408,19.8802,167.8241
1700000199.0,cache-service-1,0.0939,0.6935,2.2317,489.5535
1700000199.0,database-1,0.2459,0.6028,7.1673,279.7074
1700000199.0,frontend-1,0.1411,0.4096,12.8584,194.8344
1700000199.0,order-service-1,0.2845,0.5691,26.4102,180.5235
1700000199.0,payment-service-1,0.2083,0.4337,17.7312,154.8905
1700000200.0,cache-service-1,0.1018,0.6888,2.2683,498.0277
1700000200.0,database-1,0.2662,0.5661,8.4252,303.9934
1700000200.0,frontend-1,0.1526,0.3977,11.0278,199.704
1700000200.0,order-service-1,0.296,0.5317,23.4455,174.7211
1700000200.0,payment-service-1,1.3886,1.2264,271.6201,38.6836
1700000201.0,cache-service-1,0.1008,0.7014,1.8583,512.5572
1700000201.0,database-1,0.2718,0.6188,10.214,303.4302
1700000201.0,frontend-1,0.1476,0.4008,10.7568,201.4001
1700000201.0,order-service-1,0.301,0.5434,26.8603,177.2416
1700000201.0,payment-service-1,1.3839,1.2879,295.3588,38.4116
1700000202.0,cache-service-1,0.1103,0.7031,1.837,504.1286
1700000202.0,database-1,0.2581,0.5835,10.6277,296.0999
1700000202.0,frontend-1,0.1634,0.4062,11.7107,205.8916
1700000202.0,order-service-1,0.2869,0.548,19.9652,170.2798
1700000202.0,payment-service-1,1.3241,1.218,331.7337,41.0119
1700000203.0,cache-service-1,0.0866,0.7044,2.1124,497.9497
1700000203.0,database-1,0.2845,0.5967,13.5153,291.2418
1700000203.0,frontend-1,0.1533,0.3954,11.4926,201.443
1700000203.0,order-service-1,0.2945,0.5532,26.5394,183.5157
1700000203.0,payment-service-1,1.2616,1.2304,282.9533,37.8394
1700000204.0,cache-service-1,0.1037,0.7031,2.1027,500.4404
1700000204.0,database-1,0.2734,0.6093,9.5698,300.5701
1700000204.0,frontend-1,0.1372,0.4036,11.9135,196.3277
1700000204.0,order-service-1,0.2973,0.5231,26.4456,184.1669
1700000204.0,payment-service-1,1.3881,1.2437,272.5692,40.7967
1700000205.0,cache-service-1,0.1032,0.6814,1.3756,522.5965
1700000205.0,database-1,0.2648,0.6129,10.0312,292.073
1700000205.0,frontend-1,0.155,0.3939,12.6954,197.3916
1700000205.0,order-service-1,0.2851,0.5627,24.2648,177.8826
1700000205.0,payment-service-1,1.4175,1.2425,248.82,39.2718
1700000206.0,cache-service-1,0.1108,0.708,1.8318,502.2248
1700000206.0,database-1,0.2588,0.5888,8.1978,286.1496
1700000206.0,frontend-1,0.1316,0.3935,12.0028,201.0832
1700000206.0,order-service-1,0.306,0.5707,26.4357,186.6504
1700000206.0,payment-service-1,1.4483,1.2401,315.03,40.5123
1700000207.0,cache-service-1,0.102,0.6899,2.1617,529.2212
1700000207.0,database-1,0.3044,0.5844,7.9766,292.9247
1700000207.0,frontend-1,0.1547,0.3953,11.0554,203.5265
1700000207.0,order-service-1,0.2744,0.5304,26.3789,172.6592
1700000207.0,payment-service-1,1.3178,1.2798,267.6266,37.4965
1700000208.0,cache-service-1,0.1024,0.6918,2.1221,523.0937
1700000208.0,database-1,0.2677,0.5746,9.0748,311.1517
1700000208.0,frontend-1,0.1569,0.3997,10.0235,205.7138
1700000208.0,order-service-1,0.2924,0.5482,26.8092,174.6781
1700000208.0,payment-service-1,1.3092,1.2339,287.0907,40.5004
1700000209.0,cache-service-1,0.101,0.684,2.0862,503.377
1700000209.0,database-1,0.2474,0.5965,11.1893,294.8051
1700000209.0,frontend-1,0.1395,0.3911,13.5725,196.4085
1700000209.0,order-service-1,0.3049,0.5402,26.4525,183.276
1700000209.0,payment-service-1,1.3922,1.2681,247.6029,40.2729
1700000210.0,cache-service-1,0.0975,0.7022,1.5827,527.0969
1700000210.0,database-1,0.252,0.5987,10.578,293.6954
1700000210.0,frontend-1,0.1596,0.4009,12.2524,206.5767
1700000210.0,order-service-1,0.2899,0.5662,21.9677,181.8952
1700000210.0,payment-service-1,1.3985,1.2627,266.6859,40.0301
1700000211.0,cache-service-1,0.112,0.6886,1.9157,506.8209
1700000211.0,database-1,0.2887,0.612,7.7434,316.3837
1700000211.0,frontend-1,0.1404,0.4159,10.2707,205.501
1700000211.0,order-service-1,0.3141,0.5853,23.0878,180.1025
1700000211.0,payment-service-1,1.3267,1.2364,277.2564,38.6823
1700000212.0,cache-service-1,0.1013,0.6982,2.1676,487.263
1700000212.0,database-1,0.242,0.6148,11.2051,290.4439
1700000212.0,frontend-1,0.1467,0.4215,12.597,197.9929
1700000212.0,order-service-1,0.2844,0.5275,24.042,186.6042
1700000212.0,payment-service-1,1.3638,1.2409,301.5967,39.4934
1700000213.0,cache-service-1,0.0975,0.701,2.0602,497.8257
1700000213.0,database-1,0.2871,0.6,11.0203,299.6507
1700000213.0,frontend-1,0.1474,0.4018,11.6694,204.6173
1700000213.0,order-service-1,0.3335,0.5523,27.5493,183.0
1700000213.0,payment-service-1,1.3743,1.211,286.2455,40.5297
1700000214.0,cache-service-1,0.0978,0.679,1.898,484.2001
1700000214.0,database-1,0.2557,0.6109,9.2642,305.6068
1700000214.0,frontend-1,0.1561,0.4003,10.8855,203.0797
1700000214.0,order-service-1,0.2993,0.552,26.5879,172.0909
1700000214.0,payment-service-1,1.4726,1.2784,323.7522,39.427
1700000215.0,cache-service-1,0.0941,0.6839,2.0568,509.543
1700000215.0,database-1,0.2655,0.5937,8.5555,309.7606
1700000215.0,frontend-1,0.1507,0.4003,11.6868,196.6514
1700000215.0,order-service-1,0.3081,0.5704,28.7265,188.6943
1700000215.0,payment-service-1,1.3109,1.2412,334.6644,41.0756
1700000216.0,cache-service-1,0.1034,0.7188,1.8432,497.0197
1700000216.0,database-1,0.295,0.5978,9.3474,305.2511
1700000216.0,frontend-1,0.1455,0.396,14.1996,196.2762
1700000216.0,order-service-1,0.2729,0.5818,21.3491,178.3882
1700000216.0,payment-service-1,1.3528,1.2592,314.8346,41.3715
1700000217.0,cache-service-1,0.0992,0.6706,2.2585,478.0428
1700000217.0,database-1,0.2831,0.6028,11.564,314.8316
1700000217.0,frontend-1,0.1572,0.3935,10.4874,191.1929
1700000217.0,order-service-1,0.2805,0.5605,22.4413,179.024
1700000217.0,payment-service-1,1.4132,1.2202,246.2169,41.0402
1700000218.0,cache-service-1,0.1026,0.6778,1.789,514.5519
1700000218.0,database-1,0.2561,0.5853,9.4417,299.5938
1700000218.0,frontend-1,0.1556,0.4025,10.5286,208.9778
1700000218.0,order-service-1,0.2901,0.5492,25.1313,179.0632
1700000218.0,payment-service-1,1.4039,1.2574,315.5205,39.8795
1700000219.0,cache-service-1,0.1022,0.6812,1.8928,506.994
1700000219.0,database-1,0.2737,0.5902,10.27,285.5744
1700000219.0,frontend-1,0.1546,0.4036,9.9627,192.4019
1700000219.0,order-service-1,0.3335,0.5493,23.3364,177.0687
1700000219.0,payment-service-1,1.4758,1.2499,305.1599,40.1505
1700000220.0,cache-service-1,0.0967,0.7027,2.2126,499.4144
1700000220.0,database-1,0.268,0.6179,10.0005,291.3452
1700000220.0,frontend-1,0.1524,0.3952,11.6112,199.0934
1700000220.0,order-service-1,0.2808,0.5651,22.8034,193.885
1700000220.0,payment-service-1,1.4217,1.2494,278.0662,38.952
1700000221.0,cache-service-1,0.0957,0.6911,1.9418,524.9698
1700000221.0,database-1,0.2827,0.5853,12.1886,304.6832
1700000221.0,frontend-1,0.1491,0.4127,12.7999,202.6526
1700000221.0,order-service-1,0.316,0.5413,26.6582,175.7302
1700000221.0,payment-service-1,1.3347,1.2354,242.46,40.2361
1700000222.0,cache-service-1,0.0954,0.6967,1.7746,496.5865
1700000222.0,database-1,0.2646,0.6018,11.9997,297.2114
1700000222.0,frontend-1,0.1486,0.3959,12.721,193.4758
1700000222.0,order-service-1,0.2913,0.5403,26.883,174.5017
1700000222.0,payment-service-1,1.4573,1.294,283.8041,40.6707
1700000223.0,cache-service-1,0.1006,0.7074,2.0268,531.3432
1700000223.0,database-1,0.2554,0.5988,10.6561,295.1429
1700000223.0,frontend-1,0.1623,0.3907,10.9325,196.0801
1700000223.0,order-service-1,0.285,0.5583,23.7727,182.8794
1700000223.0,payment-service-1,1.4505,1.2986,262.517,41.9491
1700000224.0,cache-service-1,0.095,0.7208,2.1619,507.5285
1700000224.0,database-1,0.2684,0.6004,10.9252,300.5592
1700000224.0,frontend-1,0.1585,0.401,12.4599,201.3509
1700000224.0,order-service-1,0.2974,0.5533,21.7085,176.8783
1700000224.0,payment-service-1,1.3738,1.249,301.6484,38.36
1700000225.0,cache-service-1,0.103,0.684,2.2901,511.5982
1700000225.0,database-1,0.2838,0.6042,10.242,303.9274
1700000225.0,frontend-1,0.1562,0.4047,12.4016,193.2669
1700000225.0,order-service-1,0.3222,0.5597,23.4275,183.4568
1700000225.0,payment-service-1,1.3804,1.2711,231.0941,39.2257
1700000226.0,cache-service-1,0.0941,0.7226,1.9445,476.0729
1700000226.0,database-1,0.2927,0.6093,9.7223,308.6034
1700000226.0,frontend-1,0.1446,0.3914,12.7044,205.9854
1700000226.0,order-service-1,0.2872,0.5399,29.045,182.4073
1700000226.0,payment-service-1,1.3875,1.2494,288.7188,41.0948
1700000227.0,cache-service-1,0.1026,0.7046,2.0397,477.6414
1700000227.0,database-1,0.2696,0.598,11.3145,315.8916
1700000227.0,frontend-1,0.1518,0.383,12.3845,207.4208
1700000227.0,order-service-1,0.3025,0.5622,25.4642,171.2674
1700000227.0,payment-service-1,1.4671,1.2511,277.3232,39.696
1700000228.0,cache-service-1,0.1005,0.7132,1.8451,508.0471
1700000228.0,database-1,0.2865,0.5909,11.5825,300.8182
1700000228.0,frontend-1,0.1529,0.4117,10.2629,200.3269
1700000228.0,order-service-1,0.2876,0.5698,26.9837,185.4699
1700000228.0,payment-service-1,1.433,1.2614,276.0848,42.5719
1700000229.0,cache-service-1,0.0951,0.7111,1.8601,493.5825
1700000229.0,database-1,0.2934,0.6139,10.2697,296.4876
1700000229.0,frontend-1,0.1462,0.3979,11.9797,202.5647
1700000229.0,order-service-1,0.2984,0.5586,26.5638,167.2666
1700000229.0,payment-service-1,1.3675,1.2737,262.5488,40.4557
1700000230.0,cache-service-1,0.0931,0.6771,1.7985,521.8226
1700000230.0,database-1,0.2675,0.6329,9.7406,303.8843
1700000230.0,frontend-1,0.1366,0.4073,12.6988,205.4614
1700000230.0,order-service-1,0.2836,0.5506,27.9551,177.4143
1700000230.0,payment-service-1,1.3819,1.2381,246.9105,39.1923
1700000231.0,cache-service-1,0.1,0.7058,2.2598,492.0586
1700000231.0,database-1,0.2758,0.6129,12.4946,289.2688
1700000231.0,frontend-1,0.1577,0.4071,10.7709,197.7427
1700000231.0,order-service-1,0.292,0.5511,25.7861,176.4903
1700000231.0,payment-service-1,1.5398,1.2402,282.6101,37.5248
1700000232.0,cache-service-1,0.0979,0.7102,2.0899,499.0119
1700000232.0,database-1,0.2911,0.6043,9.9798,307.1986
1700000232.0,frontend-1,0.1506,0.3938,11.9408,204.1912
1700000232.0,order-service-1,0.3346,0.5448,27.7059,175.9743
1700000232.0,payment-service-1,1.3984,1.2662,294.9829,38.8609
1700000233.0,cache-service-1,0.0945,0.7177,1.9999,505.8186
1700000233.0,database-1,0.2873,0.5937,11.2904,302.0996
1700000233.0,frontend-1,0.1523,0.3955,12.0617,212.6832
1700000233.0,order-service-1,0.2808,0.5464,26.1407,169.011
1700000233.0,payment-service-1,1.484,1.226,299.7901,37.7675
1700000234.0,cache-service-1,0.1035,0.6858,2.0659,531.098
1700000234.0,database-1,0.29,0.5878,12.6684,295.4701
1700000234.0,frontend-1,0.1457,0.4052,11.0289,203.7181
1700000234.0,order-service-1,0.303,0.5408,27.9391,180.0987
1700000234.0,payment-service-1,1.3666,1.3277,251.9447,41.2854
1700000235.0,cache-service-1,0.0999,0.6952,1.9269,512.6234
1700000235.0,database-1,0.2527,0.6203,10.3172,299.5427
1700000235.0,frontend-1,0.1614,0.3999,11.6876,203.6976
1700000235.0,order-service-1,0.316,0.554,28.2417,177.4137
1700000235.0,payment-service-1,1.3858,1.2664,272.7254,42.4127
1700000236.0,cache-service-1,0.093,0.7027,1.7211,481.7786
1700000236.0,database-1,0.2631,0.5786,10.1603,296.8389
1700000236.0,frontend-1,0.1434,0.3909,10.5448,201.8332
1700000236.0,order-service-1,0.3045,0.5575,24.2195,188.442
1700000236.0,payment-service-1,1.4838,1.2595,278.1958,39.1116
1700000237.0,cache-service-1,0.1031,0.7097,1.9134,493.2537
1700000237.0,database-1,0.2781,0.5921,10.3534,304.5806
1700000237.0,frontend-1,0.1577,0.4053,13.8415,199.7721
1700000237.0,order-service-1,0.3014,0.5601,29.4853,177.8837
1700000237.0,payment-service-1,1.5431,1.2533,264.267,40.7251
1700000238.0,cache-service-1,0.1022,0.7127,1.861,501.7353
1700000238.0,database-1,0.2834,0.637,11.258,298.3398
1700000238.0,frontend-1,0.1617,0.4016,10.6429,198.3764
1700000238.0,order-service-1,0.2955,0.5476,26.3798,175.1989
1700000238.0,payment-service-1,1.4028,1.2252,231.5314,39.1089
1700000239.0,cache-service-1,0.1059,0.6964,1.823,528.0728
1700000239.0,database-1,0.2905,0.6154,11.0087,297.1136
1700000239.0,frontend-1,0.1491,0.3981,12.1654,199.0476
1700000239.0,order-service-1,0.2938,0.5545,25.8657,183.0687
1700000239.0,payment-service-1,1.4281,1.2272,275.9591,40.2412
1700000240.0,cache-service-1,0.0967,0.7086,2.2399,468.7919
1700000240.0,database-1,0.2594,0.5744,9.3654,298.4791
1700000240.0,frontend-1,0.1422,0.3974,10.4524,196.2234
1700000240.0,order-service-1,0.2791,0.5493,26.7766,168.6744
1700000240.0,payment-service-1,1.529,1.2302,297.7505,39.055
1700000241.0,cache-service-1,0.1119,0.7009,1.5527,476.6937
1700000241.0,database-1,0.2415,0.584,10.0665,316.6606
1700000241.0,frontend-1,0.1484,0.3839,12.5908,184.7341
1700000241.0,order-service-1,0.2937,0.5517,24.6809,177.3107
1700000241.0,payment-service-1,1.3971,1.2908,234.7831,41.1164
1700000242.0,cache-service-1,0.1083,0.6753,2.0971,503.5404
1700000242.0,database-1,0.292,0.6093,10.7823,284.0886
1700000242.0,frontend-1,0.1506,0.4054,13.4069,209.9975
1700000242.0,order-service-1,0.2951,0.5526,22.953,174.0525
1700000242.0,payment-service-1,1.3904,1.2776,276.3016,40.174
1700000243.0,cache-service-1,0.1002,0.706,2.4489,510.4811
1700000243.0,database-1,0.254,0.6218,12.1409,307.9239
1700000243.0,frontend-1,0.1478,0.3984,9.8843,198.9738
1700000243.0,order-service-1,0.3035,0.5579,26.0576,186.8716
1700000243.0,payment-service-1,1.2991,1.2589,261.415,38.6532
1700000244.0,cache-service-1,0.1023,0.7313,2.3229,469.6941
1700000244.0,database-1,0.3077,0.6031,12.0274,279.881
1700000244.0,frontend-1,0.1517,0.4121,12.949,197.783
1700000244.0,order-service-1,0.3093,0.5423,19.198,181.3303
1700000244.0,payment-service-1,1.3298,1.236,311.8997,39.5878
1700000245.0,cache-service-1,0.0957,0.705,2.0758,492.6019
1700000245.0,database-1,0.2762,0.6043,10.6246,302.3431
1700000245.0,frontend-1,0.1633,0.3996,11.6152,199.6545
1700000245.0,order-service-1,0.3263,0.5534,23.6784,174.1352
1700000245.0,payment-service-1,1.3765,1.2794,288.1659,38.6747
1700000246.0,cache-service-1,0.1003,0.6791,2.0857,513.6151
1700000246.0,database-1,0.2592,0.5955,11.0939,312.9079
1700000246.0,frontend-1,0.152,0.409,11.2658,200.5411
1700000246.0,order-service-1,0.2877,0.5415,27.2728,186.6272
1700000246.0,payment-service-1,1.3112,1.2672,261.4827,38.1426
1700000247.0,cache-service-1,0.0941,0.7028,1.6937,501.9157
1700000247.0,database-1,0.2984,0.6078,10.4094,309.3016
1700000247.0,frontend-1,0.1517,0.4063,11.4406,190.1628
1700000247.0,order-service-1,0.2942,0.5472,23.4383,180.5584
1700000247.0,payment-service-1,1.3492,1.2575,275.8224,40.0469
1700000248.0,cache-service-1,0.1012,0.6741,1.7188,501.1362
1700000248.0,database-1,0.247,0.6184,9.3666,300.6707
1700000248.0,frontend-1,0.142,0.4083,10.799,196.8669
1700000248.0,order-service-1,0.2888,0.5548,23.2297,174.7003
1700000248.0,payment-service-1,1.3175,1.244,271.4973,38.09
1700000249.0,cache-service-1,0.0971,0.7012,1.9884,511.3299
1700000249.0,database-1,0.2995,0.6136,9.5592,300.1636
1700000249.0,frontend-1,0.1569,0.3909,13.1774,206.7752
1700000249.0,order-service-1,0.3085,0.56,22.7393,184.1471
1700000249.0,payment-service-1,1.4905,1.2562,310.1645,41.8353
1700000250.0,cache-service-1,0.1066,0.7077,2.2147,504.8185
1700000250.0,database-1,0.2812,0.589,9.3991,292.7995
1700000250.0,frontend-1,0.1418,0.3968,12.7637,207.9698
1700000250.0,order-service-1,0.3301,0.5618,29.5236,177.935
1700000250.0,payment-service-1,1.3913,1.2811,223.6485,40.3153
1700000251.0,cache-service-1,0.0946,0.6992,2.0599,508.4471
1700000251.0,database-1,0.2749,0.5905,11.0951,304.0517
1700000251.0,frontend-1,0.1484,0.4069,11.5859,199.75
1700000251.0,order-service-1,0.3094,0.5456,24.1733,185.879
1700000251.0,payment-service-1,1.4077,1.2829,265.6857,39.2654
1700000252.0,cache-service-1,0.1053,0.7119,2.1206,493.1267
1700000252.0,database-1,0.2729,0.6023,10.1631,316.103
1700000252.0,frontend-1,0.1479,0.4055,12.0167,194.5332
1700000252.0,order-service-1,0.3011,0.5431,28.2545,177.7503
1700000252.0,payment-service-1,1.4117,1.2419,299.5479,37.9704
1700000253.0,cache-service-1,0.0995,0.7019,2.0948,497.4649
1700000253.0,database-1,0.2677,0.6008,11.0179,296.3319
1700000253.0,frontend-1,0.1625,0.4025,11.4536,202.9163
1700000253.0,order-service-1,0.309,0.5487,25.3937,179.2813
1700000253.0,payment-service-1,1.33,1.2494,281.595,39.0644
1700000254.0,cache-service-1,0.107,0.6956,2.1208,497.0689
1700000254.0,database-1,0.2534,0.6129,10.9018,309.8794
1700000254.0,frontend-1,0.1344,0.3964,12.8963,204.4808
1700000254.0,order-service-1,0.3115,0.5407,20.8424,186.5871
1700000254.0,payment-service-1,1.5425,1.2365,301.8506,40.4808
1700000255.0,cache-service-1,0.1026,0.6908,2.0066,497.7663
1700000255.0,database-1,0.292,0.611,9.1639,313.7383
1700000255.0,frontend-1,0.1513,0.3895,11.1698,202.2033
1700000255.0,order-service-1,0.2895,0.5459,28.6515,169.7186
1700000255.0,payment-service-1,1.4871,1.2587,219.4577,40.8327
1700000256.0,cache-service-1,0.0938,0.6824,2.0284,495.7945
1700000256.0,database-1,0.26,0.6041,7.6058,308.4173
1700000256.0,frontend-1,0.151,0.39,13.776,196.598
1700000256.0,order-service-1,0.307,0.5581,26.6864,174.3659
1700000256.0,payment-service-1,1.4421,1.2667,214.0228,40.7243
1700000257.0,cache-service-1,0.0991,0.7122,2.3504,497.0786
1700000257.0,database-1,0.2662,0.5812,10.313,301.4979
1700000257.0,frontend-1,0.156,0.4067,12.1834,197.5739
1700000257.0,order-service-1,0.3253,0.5576,22.9084,186.4981
1700000257.0,payment-service-1,1.305,1.2607,273.6327,42.2358
1700000258.0,cache-service-1,0.0961,0.7055,1.9081,504.361
1700000258.0,database-1,0.2799,0.5919,9.1394,310.8683
1700000258.0,frontend-1,0.1632,0.4041,9.8933,201.8212
1700000258.0,order-service-1,0.2955,0.5627,24.7243,182.9484
1700000258.0,payment-service-1,1.4861,1.2632,226.8652,40.0773
1700000259.0,cache-service-1,0.1007,0.7155,2.0487,526.1276
1700000259.0,database-1,0.2634,0.5819,9.6453,317.9922
1700000259.0,frontend-1,0.1397,0.3951,12.4966,196.8531
1700000259.0,order-service-1,0.2957,0.548,20.5319,181.2022
1700000259.0,payment-service-1,1.4888,1.2752,272.2764,39.3006
1700000260.0,cache-service-1,0.1003,0.7018,1.8729,522.5048
1700000260.0,database-1,0.2399,0.5975,8.6678,297.8909
1700000260.0,frontend-1,0.1498,0.4135,11.4333,200.5153
1700000260.0,order-service-1,0.2949,0.5597,24.4365,183.1789
1700000260.0,payment-service-1,1.4627,1.2625,304.0501,42.0164
1700000261.0,cache-service-1,0.106,0.7036,2.063,519.1493
1700000261.0,database-1,0.2708,0.5993,10.0417,299.5363
1700000261.0,frontend-1,0.1527,0.4064,11.492,194.8922
1700000261.0,order-service-1,0.3135,0.5427,26.1416,166.7367
1700000261.0,payment-service-1,1.4732,1.2899,272.9769,40.7327
1700000262.0,cache-service-1,0.1032,0.6885,2.2271,519.1224
1700000262.0,database-1,0.2948,0.5914,10.3542,287.9925
1700000262.0,frontend-1,0.1581,0.4152,12.105,200.3752
1700000262.0,order-service-1,0.2816,0.54,23.3951,186.5334
1700000262.0,payment-service-1,1.4287,1.2716,293.3739,38.4584
1700000263.0,cache-service-1,0.1012,0.717,2.2837,479.3453
1700000263.0,database-1,0.2946,0.5941,12.056,290.4509
1700000263.0,frontend-1,0.1276,0.4142,11.166,203.4127
1700000263.0,order-service-1,0.2863,0.5485,27.4477,187.3847
1700000263.0,payment-service-1,1.4372,1.2525,286.0731,40.2321
1700000264.0,cache-service-1,0.0985,0.6853,2.0491,504.0157
1700000264.0,database-1,0.2642,0.6109,9.5552,295.0664
1700000264.0,frontend-1,0.1578,0.4064,11.7639,191.478
1700000264.0,order-service-1,0.2866,0.5405,28.4142,179.8153
1700000264.0,payment-service-1,1.3502,1.3096,238.4644,40.9207
1700000265.0,cache-service-1,0.1039,0.6974,1.7569,490.7709
1700000265.0,database-1,0.2819,0.5997,10.68,297.6377
1700000265.0,frontend-1,0.1627,0.4023,12.7644,196.9747
1700000265.0,order-service-1,0.3072,0.5445,24.6391,175.182
1700000265.0,payment-service-1,1.4081,1.2624,280.5957,39.5241
1700000266.0,cache-service-1,0.0939,0.7056,2.0886,516.2111
1700000266.0,database-1,0.2757,0.619,10.3321,301.9583
1700000266.0,frontend-1,0.1493,0.3907,13.4584,197.6952
1700000266.0,order-service-1,0.2956,0.5416,28.1698,176.2823
1700000266.0,payment-service-1,1.3917,1.2573,283.5299,39.2644
1700000267.0,cache-service-1,0.0989,0.7103,2.1879,485.7224
1700000267.0,database-1,0.2926,0.6176,10.336,284.1707
1700000267.0,frontend-1,0.1525,0.3954,12.0282,194.1908
1700000267.0,order-service-1,0.3182,0.552,20.4092,177.2198
1700000267.0,payment-service-1,1.4342,1.2778,305.3951,39.7655
1700000268.0,cache-service-1,0.1071,0.701,2.0044,506.7697
1700000268.0,database-1,0.2587,0.6151,10.9503,293.9735
1700000268.0,frontend-1,0.1462,0.3912,12.7644,199.1567
1700000268.0,order-service-1,0.2993,0.5502,21.5735,178.7438
1700000268.0,payment-service-1,1.3755,1.2605,323.5273,40.9617
1700000269.0,cache-service-1,0.0973,0.6961,2.1463,506.4152
1700000269.0,database-1,0.2896,0.6008,10.4093,287.1639
1700000269.0,frontend-1,0.1627,0.4037,12.4703,190.7307
1700000269.0,order-service-1,0.3019,0.5662,28.116,173.4893
1700000269.0,payment-service-1,1.3649,1.2657,334.4515,39.8998
1700000270.0,cache-service-1,0.1006,0.6745,2.3284,482.3147
1700000270.0,database-1,0.2962,0.6144,9.6519,302.1987
1700000270.0,frontend-1,0.1455,0.397,10.254,199.1497
1700000270.0,order-service-1,0.2786,0.5482,27.2654,177.8162
1700000270.0,payment-service-1,1.3947,1.2773,281.6015,42.2067
1700000271.0,cache-service-1,0.0963,0.678,2.0757,512.8997
1700000271.0,database-1,0.2505,0.5914,10.1972,289.664
1700000271.0,frontend-1,0.1455,0.4023,12.5702,200.0455
1700000271.0,order-service-1,0.3174,0.5491,25.9935,174.0571
1700000271.0,payment-service-1,1.2744,1.3169,246.1622,41.7054
1700000272.0,cache-service-1,0.1019,0.7169,1.8,501.8262
1700000272.0,database-1,0.2605,0.5742,10.0565,312.6235
1700000272.0,frontend-1,0.1699,0.4026,11.1024,194.5687
1700000272.0,order-service-1,0.2975,0.5679,24.2042,176.8929
1700000272.0,payment-service-1,1.4405,1.3444,277.1334,40.7035
1700000273.0,cache-service-1,0.1029,0.6986,2.1609,490.1449
1700000273.0,database-1,0.2745,0.5798,8.2624,316.0925
1700000273.0,frontend-1,0.1511,0.3999,12.8862,199.3685
1700000273.0,order-service-1,0.3373,0.5358,26.8494,184.2593
1700000273.0,payment-service-1,1.3467,1.2337,254.232,41.136
1700000274.0,cache-service-1,0.0958,0.6948,2.0944,502.5531
1700000274.0,database-1,0.2647,0.6078,9.9154,290.4584
1700000274.0,frontend-1,0.1454,0.4028,11.4647,197.9629
1700000274.0,order-service-1,0.3009,0.5452,25.8059,178.9682
1700000274.0,payment-service-1,1.3669,1.2425,262.5442,38.8594
1700000275.0,cache-service-1,0.0914,0.7129,2.0842,527.9272
1700000275.0,database-1,0.2756,0.6003,7.5743,287.1076
1700000275.0,frontend-1,0.1541,0.3982,12.3426,194.567
1700000275.0,order-service-1,0.2829,0.5309,26.4132,173.7704
1700000275.0,payment-service-1,1.3959,1.2561,279.7424,41.1132
1700000276.0,cache-service-1,0.1027,0.7238,1.9677,496.6151
1700000276.0,database-1,0.2752,0.5988,11.004,295.7771
1700000276.0,frontend-1,0.1478,0.3912,12.2658,200.8255
1700000276.0,order-service-1,0.3384,0.5537,26.7395,181.2536
1700000276.0,payment-service-1,1.5029,1.2747,254.6003,40.9926
1700000277.0,cache-service-1,0.0888,0.6907,2.0982,490.8785
1700000277.0,database-1,0.2587,0.5974,10.6506,308.2957
1700000277.0,frontend-1,0.142,0.4044,11.0554,201.4633
1700000277.0,order-service-1,0.303,0.5603,22.2657,183.1728
1700000277.0,payment-service-1,1.4884,1.2898,307.5805,40.8476
1700000278.0,cache-service-1,0.0914,0.7139,1.9662,499.1247
1700000278.0,database-1,0.2588,0.6165,12.4027,289.2867
1700000278.0,frontend-1,0.158,0.3851,11.1971,207.5852
1700000278.0,order-service-1,0.2834,0.5449,28.0721,180.977
1700000278.0,payment-service-1,1.2988,1.2584,257.3668,38.8008
1700000279.0,cache-service-1,0.108,0.6964,1.9237,500.0965
1700000279.0,database-1,0.2551,0.6217,10.8576,311.1319
1700000279.0,frontend-1,0.1508,0.4035,12.642,194.122
1700000279.0,order-service-1,0.3237,0.537,28.6496,169.1226
1700000279.0,payment-service-1,1.4249,1.2697,207.824,40.3887
1700000280.0,cache-service-1,0.1044,0.7143,2.0053,499.9568
1700000280.0,database-1,0.2689,0.596,11.8404,301.1042
1700000280.0,frontend-1,0.1546,0.4016,12.3116,203.0076
1700000280.0,order-service-1,0.2801,0.5534,25.1066,175.681
1700000280.0,payment-service-1,1.4203,1.2951,286.8772,38.9959
1700000281.0,cache-service-1,0.0934,0.6902,2.0993,493.7839
1700000281.0,database-1,0.3075,0.6003,10.2375,295.2674
1700000281.0,frontend-1,0.1463,0.4135,12.8296,189.4585
1700000281.0,order-service-1,0.3049,0.549,23.5907,181.1739
1700000281.0,payment-service-1,1.3217,1.2539,288.6666,39.9568
1700000282.0,cache-service-1,0.0906,0.6645,1.9542,486.4892
1700000282.0,database-1,0.2978,0.6308,10.6329,300.835
1700000282.0,frontend-1,0.1516,0.4126,11.7456,194.3343
1700000282.0,order-service-1,0.3142,0.557,23.5802,180.1083
1700000282.0,payment-service-1,1.4362,1.2621,275.6841,37.0401
1700000283.0,cache-service-1,0.1067,0.71,1.7511,515.9007
1700000283.0,database-1,0.2755,0.6,9.525,302.0761
1700000283.0,frontend-1,0.136,0.4134,12.6963,202.7286
1700000283.0,order-service-1,0.2908,0.5381,19.9951,180.6812
1700000283.0,payment-service-1,1.3513,1.2929,298.043,39.453
1700000284.0,cache-service-1,0.0979,0.7109,1.825,502.9296
1700000284.0,database-1,0.2709,0.5998,9.3597,290.623
1700000284.0,frontend-1,0.1524,0.3983,12.0129,212.0444
1700000284.0,order-service-1,0.3202,0.5238,27.2603,179.1106
1700000284.0,payment-service-1,1.3442,1.2472,266.5227,40.5792
1700000285.0,cache-service-1,0.0988,0.6946,2.291,493.6437
1700000285.0,database-1,0.2779,0.5767,10.0143,303.8169
1700000285.0,frontend-1,0.1597,0.4019,10.1572,203.9694
1700000285.0,order-service-1,0.2891,0.567,25.3714,185.3165
1700000285.0,payment-service-1,1.2542,1.2211,273.9819,39.6489
1700000286.0,cache-service-1,0.1026,0.688,2.0327,493.1114
1700000286.0,database-1,0.2792,0.5963,12.1799,294.3118
1700000286.0,frontend-1,0.1653,0.3953,8.9366,200.6237
1700000286.0,order-service-1,0.3002,0.5737,27.3939,179.5778
1700000286.0,payment-service-1,1.3757,1.2138,281.7953,39.6169
1700000287.0,cache-service-1,0.0935,0.7398,1.7454,521.2276
1700000287.0,database-1,0.2776,0.6201,10.3919,290.4264
1700000287.0,frontend-1,0.153,0.4037,11.1528,202.7728
1700000287.0,order-service-1,0.2812,0.5447,22.9883,189.2149
1700000287.0,payment-service-1,1.3801,1.2549,275.7525,41.2122
1700000288.0,cache-service-1,0.1039,0.6918,1.946,513.9778
1700000288.0,database-1,0.2908,0.6013,8.9348,299.0101
1700000288.0,frontend-1,0.1642,0.4071,11.7048,198.149
1700000288.0,order-service-1,0.3006,0.5657,29.3831,173.657
1700000288.0,payment-service-1,1.4516,1.2638,266.2957,40.3627
1700000289.0,cache-service-1,0.1001,0.7007,1.5937,500.2891
1700000289.0,database-1,0.2719,0.5971,8.3448,307.6907
1700000289.0,frontend-1,0.1553,0.4088,10.3368,203.0748
1700000289.0,order-service-1,0.2911,0.5557,27.6631,182.542
1700000289.0,payment-service-1,1.4051,1.267,265.0004,41.1893
1700000290.0,cache-service-1,0.1068,0.703,2.1042,476.5766
1700000290.0,database-1,0.2674,0.6236,10.083,297.5273
1700000290.0,frontend-1,0.1633,0.3871,11.1671,200.6619
1700000290.0,order-service-1,0.2883,0.5364,27.5493,174.8089
1700000290.0,payment-service-1,1.3748,1.3062,324.3229,41.4538
1700000291.0,cache-service-1,0.1058,0.6995,2.1143,488.8264
1700000291.0,database-1,0.2503,0.615,9.705,288.2229
1700000291.0,frontend-1,0.1635,0.3916,11.4179,201.7485
1700000291.0,order-service-1,0.2981,0.5422,22.8514,181.3832
1700000291.0,payment-service-1,1.507,1.2268,236.4467,40.3087
1700000292.0,cache-service-1,0.1058,0.72,1.8976,505.2851
1700000292.0,database-1,0.2953,0.5816,10.385,299.3556
1700000292.0,frontend-1,0.1439,0.404,11.1438,199.0063
1700000292.0,order-service-1,0.2872,0.5596,22.5244,182.2982
1700000292.0,payment-service-1,1.439,1.2438,247.2354,38.5435
1700000293.0,cache-service-1,0.1037,0.6847,2.2395,482.7685
1700000293.0,database-1,0.2788,0.6015,10.7644,303.2606
1700000293.0,frontend-1,0.1534,0.4115,13.8066,194.1566
1700000293.0,order-service-1,0.2979,0.551,23.3926,182.3586
1700000293.0,payment-service-1,1.3271,1.2431,258.3116,39.4133
1700000294.0,cache-service-1,0.1063,0.6888,2.0443,507.2197
1700000294.0,database-1,0.2662,0.5812,10.588,307.8362
1700000294.0,frontend-1,0.1376,0.4084,12.7981,198.7531
1700000294.0,order-service-1,0.3322,0.5447,21.8933,170.7148
1700000294.0,payment-service-1,1.4246,1.2661,303.3736,41.447
1700000295.0,cache-service-1,0.0987,0.6959,1.7059,491.7492
1700000295.0,database-1,0.2539,0.6004,10.1263,295.2272
1700000295.0,frontend-1,0.1378,0.408,12.579,198.429
1700000295.0,order-service-1,0.3522,0.5521,21.8143,189.3894
1700000295.0,payment-service-1,1.436,1.2605,249.0538,39.5373
1700000296.0,cache-service-1,0.0911,0.6917,2.0142,516.8849
1700000296.0,database-1,0.2629,0.6109,10.2058,287.1294
1700000296.0,frontend-1,0.1531,0.3932,12.1608,208.3079
1700000296.0,order-service-1,0.3216,0.5648,29.1671,176.2359
1700000296.0,payment-service-1,1.6069,1.2727,248.7825,43.0285
1700000297.0,cache-service-1,0.1003,0.7046,2.2366,497.1802
1700000297.0,database-1,0.28,0.5959,8.7058,312.6582
1700000297.0,frontend-1,0.16,0.3811,11.5004,192.6067
1700000297.0,order-service-1,0.311,0.5447,23.8863,171.2555
1700000297.0,payment-service-1,1.4075,1.2385,265.4657,39.8116
1700000298.0,cache-service-1,0.0993,0.6979,1.7165,510.5225
1700000298.0,database-1,0.2737,0.604,11.219,296.4521
1700000298.0,frontend-1,0.1543,0.4136,10.3578,204.4013
1700000298.0,order-service-1,0.3069,0.5514,23.8065,181.28
1700000298.0,payment-service-1,1.43,1.2769,240.1815,40.3987
1700000299.0,cache-service-1,0.1006,0.6899,2.0779,502.6622
1700000299.0,database-1,0.2674,0.6024,13.0671,303.7837
1700000299.0,frontend-1,0.1458,0.3914,11.3279,194.4674
1700000299.0,order-service-1,0.2936,0.5322,26.9173,184.2135
1700000299.0,payment-service-1,1.3913,1.2703,258.0715,39.7676